11.03.2016 0:00:00,17.90
11.03.2016 1:00:00,18.22
11.03.2016 2:00:00,18.13
11.03.2016 3:00:00,17.30
11.03.2016 4:00:00,18.28
11.03.2016 5:00:00,17.84
11.03.2016 6:00:00,20.07
11.03.2016 7:00:00,22.69
11.03.2016 8:00:00,21.76
11.03.2016 9:00:00,21.60
11.03.2016 10:00:00,34.83
11.03.2016 11:00:00,33.04
11.03.2016 12:00:00,30.72
11.03.2016 13:00:00,30.62
11.03.2016 14:00:00,32.78
11.03.2016 15:00:00,33.46
11.03.2016 16:00:00,58.60
11.03.2016 17:00:00,55.81
11.03.2016 18:00:00,59.97
11.03.2016 19:00:00,51.47
11.03.2016 20:00:00,45.25
11.03.2016 21:00:00,37.85
11.03.2016 22:00:00,26.95
11.03.2016 23:00:00,22.58
12.03.2016 0:00:00,20.45
12.03.2016 1:00:00,19.72
12.03.2016 2:00:00,18.66
12.03.2016 3:00:00,18.24
12.03.2016 4:00:00,17.60
12.03.2016 5:00:00,18.20
12.03.2016 6:00:00,18.28
12.03.2016 7:00:00,19.41
12.03.2016 8:00:00,21.12
12.03.2016 9:00:00,22.53
12.03.2016 10:00:00,35.90
12.03.2016 11:00:00,34.41
12.03.2016 12:00:00,30.16
12.03.2016 13:00:00,30.27
12.03.2016 14:00:00,29.50
12.03.2016 15:00:00,33.78
12.03.2016 16:00:00,52.11
12.03.2016 17:00:00,53.08
12.03.2016 18:00:00,43.83
12.03.2016 19:00:00,41.71
12.03.2016 20:00:00,38.47
12.03.2016 21:00:00,34.36
12.03.2016 22:00:00,26.13
12.03.2016 23:00:00,22.72
13.03.2016 0:00:00,20.77
13.03.2016 1:00:00,19.64
13.03.2016 2:00:00,18.15
13.03.2016 3:00:00,18.26
13.03.2016 4:00:00,17.64
13.03.2016 5:00:00,17.54
13.03.2016 6:00:00,18.85
13.03.2016 7:00:00,18.57
13.03.2016 8:00:00,22.03
13.03.2016 9:00:00,20.94
13.03.2016 10:00:00,21.45
13.03.2016 11:00:00,30.23
13.03.2016 12:00:00,30.05
13.03.2016 13:00:00,31.12
13.03.2016 14:00:00,29.66
13.03.2016 15:00:00,31.54
13.03.2016 16:00:00,37.04
13.03.2016 17:00:00,43.39
13.03.2016 18:00:00,46.03
13.03.2016 19:00:00,39.48
13.03.2016 20:00:00,40.52
13.03.2016 21:00:00,30.62
13.03.2016 22:00:00,22.91
13.03.2016 23:00:00,19.73
14.03.2016 0:00:00,17.93
14.03.2016 1:00:00,17.59
14.03.2016 2:00:00,17.23
14.03.2016 3:00:00,17.20
14.03.2016 4:00:00,17.33
14.03.2016 5:00:00,18.56
14.03.2016 6:00:00,20.21
14.03.2016 7:00:00,21.88
14.03.2016 8:00:00,23.28
14.03.2016 9:00:00,21.80
14.03.2016 10:00:00,31.14
14.03.2016 11:00:00,29.18
14.03.2016 12:00:00,27.77
14.03.2016 13:00:00,26.50
14.03.2016 14:00:00,27.44
14.03.2016 15:00:00,28.16
14.03.2016 16:00:00,32.78
14.03.2016 17:00:00,31.95
14.03.2016 18:00:00,41.16
14.03.2016 19:00:00,40.79
14.03.2016 20:00:00,39.27
14.03.2016 21:00:00,36.47
14.03.2016 22:00:00,27.88
14.03.2016 23:00:00,21.63
15.03.2016 0:00:00,20.32
15.03.2016 1:00:00,19.60
15.03.2016 2:00:00,17.57
15.03.2016 3:00:00,17.25
15.03.2016 4:00:00,17.85
15.03.2016 5:00:00,17.47
15.03.2016 6:00:00,20.18
15.03.2016 7:00:00,23.79
15.03.2016 8:00:00,23.95
15.03.2016 9:00:00,23.98
15.03.2016 10:00:00,38.68
15.03.2016 11:00:00,34.71
15.03.2016 12:00:00,29.79
15.03.2016 13:00:00,27.16
15.03.2016 14:00:00,26.22
15.03.2016 15:00:00,25.08
15.03.2016 16:00:00,43.30
15.03.2016 17:00:00,42.31
15.03.2016 18:00:00,42.22
15.03.2016 19:00:00,40.46
15.03.2016 20:00:00,36.77
15.03.2016 21:00:00,34.20
15.03.2016 22:00:00,27.10
15.03.2016 23:00:00,19.43
16.03.2016 0:00:00,17.77
16.03.2016 1:00:00,18.14
16.03.2016 2:00:00,17.54
16.03.2016 3:00:00,17.70
16.03.2016 4:00:00,17.71
16.03.2016 5:00:00,17.48
16.03.2016 6:00:00,19.79
16.03.2016 7:00:00,21.32
16.03.2016 8:00:00,22.54
16.03.2016 9:00:00,21.65
16.03.2016 10:00:00,34.65
16.03.2016 11:00:00,28.27
16.03.2016 12:00:00,25.40
16.03.2016 13:00:00,25.08
16.03.2016 14:00:00,25.22
16.03.2016 15:00:00,27.83
16.03.2016 16:00:00,30.00
16.03.2016 17:00:00,37.31
16.03.2016 18:00:00,40.62
16.03.2016 19:00:00,37.89
16.03.2016 20:00:00,30.81
16.03.2016 21:00:00,31.97
16.03.2016 22:00:00,26.05
16.03.2016 23:00:00,20.97
17.03.2016 0:00:00,20.75
17.03.2016 1:00:00,18.78
17.03.2016 2:00:00,17.69
17.03.2016 3:00:00,17.07
17.03.2016 4:00:00,17.21
17.03.2016 5:00:00,17.45
17.03.2016 6:00:00,19.47
17.03.2016 7:00:00,22.52
17.03.2016 8:00:00,22.10
17.03.2016 9:00:00,21.17
17.03.2016 10:00:00,35.50
17.03.2016 11:00:00,28.59
17.03.2016 12:00:00,25.27
17.03.2016 13:00:00,27.91
17.03.2016 14:00:00,27.54
17.03.2016 15:00:00,32.98
17.03.2016 16:00:00,38.43
17.03.2016 17:00:00,35.39
17.03.2016 18:00:00,41.42
17.03.2016 19:00:00,44.41
17.03.2016 20:00:00,40.86
17.03.2016 21:00:00,36.66
17.03.2016 22:00:00,27.87
17.03.2016 23:00:00,21.73
18.03.2016 0:00:00,20.92
18.03.2016 1:00:00,19.52
18.03.2016 2:00:00,17.92
18.03.2016 3:00:00,18.51
18.03.2016 4:00:00,17.79
18.03.2016 5:00:00,18.45
18.03.2016 6:00:00,20.89
18.03.2016 7:00:00,22.54
18.03.2016 8:00:00,21.65
18.03.2016 9:00:00,25.77
18.03.2016 10:00:00,39.44
18.03.2016 11:00:00,34.63
18.03.2016 12:00:00,27.27
18.03.2016 13:00:00,33.75
18.03.2016 14:00:00,34.11
18.03.2016 15:00:00,35.75
18.03.2016 16:00:00,47.82
18.03.2016 17:00:00,45.61
18.03.2016 18:00:00,43.69
18.03.2016 19:00:00,45.58
18.03.2016 20:00:00,43.24
18.03.2016 21:00:00,35.94
18.03.2016 22:00:00,32.81
18.03.2016 23:00:00,22.19
19.03.2016 0:00:00,19.77
19.03.2016 1:00:00,18.91
19.03.2016 2:00:00,17.84
19.03.2016 3:00:00,17.63
19.03.2016 4:00:00,18.40
19.03.2016 5:00:00,18.40
19.03.2016 6:00:00,19.08
19.03.2016 7:00:00,20.89
19.03.2016 8:00:00,20.67
19.03.2016 9:00:00,24.79
19.03.2016 10:00:00,40.68
19.03.2016 11:00:00,33.59
19.03.2016 12:00:00,32.39
19.03.2016 13:00:00,32.70
19.03.2016 14:00:00,35.40
19.03.2016 15:00:00,39.70
19.03.2016 16:00:00,45.34
19.03.2016 17:00:00,53.59
19.03.2016 18:00:00,54.99
19.03.2016 19:00:00,49.87
19.03.2016 20:00:00,47.40
19.03.2016 21:00:00,36.46
19.03.2016 22:00:00,29.04
19.03.2016 23:00:00,24.02
20.03.2016 0:00:00,21.63
20.03.2016 1:00:00,18.16
20.03.2016 2:00:00,17.95
20.03.2016 3:00:00,17.13
20.03.2016 4:00:00,17.96
20.03.2016 5:00:00,17.28
20.03.2016 6:00:00,18.11
20.03.2016 7:00:00,19.37
20.03.2016 8:00:00,20.51
20.03.2016 9:00:00,23.58
20.03.2016 10:00:00,22.31
20.03.2016 11:00:00,39.52
20.03.2016 12:00:00,34.18
20.03.2016 13:00:00,32.24
20.03.2016 14:00:00,35.63
20.03.2016 15:00:00,32.68
20.03.2016 16:00:00,35.71
20.03.2016 17:00:00,41.83
20.03.2016 18:00:00,39.04
20.03.2016 19:00:00,48.01
20.03.2016 20:00:00,38.43
20.03.2016 21:00:00,30.32
20.03.2016 22:00:00,24.22
20.03.2016 23:00:00,19.58
21.03.2016 0:00:00,17.91
21.03.2016 1:00:00,17.41
21.03.2016 2:00:00,18.13
21.03.2016 3:00:00,17.28
21.03.2016 4:00:00,17.52
21.03.2016 5:00:00,17.58
21.03.2016 6:00:00,18.94
21.03.2016 7:00:00,22.99
21.03.2016 8:00:00,23.31
21.03.2016 9:00:00,23.25
21.03.2016 10:00:00,37.67
21.03.2016 11:00:00,29.41
21.03.2016 12:00:00,26.98
21.03.2016 13:00:00,29.66
21.03.2016 14:00:00,33.90
21.03.2016 15:00:00,27.02
21.03.2016 16:00:00,28.56
21.03.2016 17:00:00,35.43
21.03.2016 18:00:00,34.08
21.03.2016 19:00:00,34.34
21.03.2016 20:00:00,35.20
21.03.2016 21:00:00,28.73
21.03.2016 22:00:00,24.97
21.03.2016 23:00:00,21.62
22.03.2016 0:00:00,18.66
22.03.2016 1:00:00,18.53
22.03.2016 2:00:00,17.72
22.03.2016 3:00:00,17.90
22.03.2016 4:00:00,17.99
22.03.2016 5:00:00,19.05
22.03.2016 6:00:00,20.42
22.03.2016 7:00:00,24.33
22.03.2016 8:00:00,25.07
22.03.2016 9:00:00,25.42
22.03.2016 10:00:00,39.66
22.03.2016 11:00:00,32.83
22.03.2016 12:00:00,28.71
22.03.2016 13:00:00,24.78
22.03.2016 14:00:00,25.06
22.03.2016 15:00:00,26.90
22.03.2016 16:00:00,38.70
22.03.2016 17:00:00,37.47
22.03.2016 18:00:00,41.74
22.03.2016 19:00:00,42.35
22.03.2016 20:00:00,43.05
22.03.2016 21:00:00,35.15
22.03.2016 22:00:00,27.18
22.03.2016 23:00:00,19.45
23.03.2016 0:00:00,18.63
23.03.2016 1:00:00,17.37
23.03.2016 2:00:00,18.14
23.03.2016 3:00:00,19.20
23.03.2016 4:00:00,18.05
23.03.2016 5:00:00,18.46
23.03.2016 6:00:00,20.19
23.03.2016 7:00:00,22.25
23.03.2016 8:00:00,22.12
23.03.2016 9:00:00,26.52
23.03.2016 10:00:00,33.93
23.03.2016 11:00:00,33.29
23.03.2016 12:00:00,34.90
23.03.2016 13:00:00,33.21
23.03.2016 14:00:00,29.21
23.03.2016 15:00:00,30.47
23.03.2016 16:00:00,33.59
23.03.2016 17:00:00,38.38
23.03.2016 18:00:00,43.18
23.03.2016 19:00:00,35.32
23.03.2016 20:00:00,33.16
23.03.2016 21:00:00,31.01
23.03.2016 22:00:00,24.70
23.03.2016 23:00:00,19.67
24.03.2016 0:00:00,16.97
24.03.2016 1:00:00,17.35
24.03.2016 2:00:00,18.10
24.03.2016 3:00:00,16.93
24.03.2016 4:00:00,17.06
24.03.2016 5:00:00,17.06
24.03.2016 6:00:00,19.39
24.03.2016 7:00:00,20.18
24.03.2016 8:00:00,21.68
24.03.2016 9:00:00,21.62
24.03.2016 10:00:00,38.90
24.03.2016 11:00:00,31.31
24.03.2016 12:00:00,32.71
24.03.2016 13:00:00,33.35
24.03.2016 14:00:00,32.53
24.03.2016 15:00:00,33.47
24.03.2016 16:00:00,33.66
24.03.2016 17:00:00,34.11
24.03.2016 18:00:00,41.31
24.03.2016 19:00:00,41.79
24.03.2016 20:00:00,35.99
24.03.2016 21:00:00,33.14
24.03.2016 22:00:00,31.66
24.03.2016 23:00:00,25.29
25.03.2016 0:00:00,20.19
25.03.2016 1:00:00,17.26
25.03.2016 2:00:00,16.64
25.03.2016 3:00:00,17.92
25.03.2016 4:00:00,16.77
25.03.2016 5:00:00,17.40
25.03.2016 6:00:00,17.73
25.03.2016 7:00:00,18.52
25.03.2016 8:00:00,19.56
25.03.2016 9:00:00,20.09
25.03.2016 10:00:00,35.87
25.03.2016 11:00:00,29.07
25.03.2016 12:00:00,30.19
25.03.2016 13:00:00,29.56
25.03.2016 14:00:00,26.36
25.03.2016 15:00:00,26.98
25.03.2016 16:00:00,48.05
25.03.2016 17:00:00,47.71
25.03.2016 18:00:00,50.35
25.03.2016 19:00:00,40.72
25.03.2016 20:00:00,48.28
25.03.2016 21:00:00,39.92
25.03.2016 22:00:00,25.99
25.03.2016 23:00:00,21.61
26.03.2016 0:00:00,17.87
26.03.2016 1:00:00,18.14
26.03.2016 2:00:00,17.16
26.03.2016 3:00:00,17.24
26.03.2016 4:00:00,16.89
26.03.2016 5:00:00,17.59
26.03.2016 6:00:00,16.99
26.03.2016 7:00:00,20.43
26.03.2016 8:00:00,18.58
26.03.2016 9:00:00,21.15
26.03.2016 10:00:00,28.11
26.03.2016 11:00:00,33.00
26.03.2016 12:00:00,29.88
26.03.2016 13:00:00,31.42
26.03.2016 14:00:00,30.47
26.03.2016 15:00:00,35.37
26.03.2016 16:00:00,42.06
26.03.2016 17:00:00,38.16
26.03.2016 18:00:00,41.78
26.03.2016 19:00:00,44.11
26.03.2016 20:00:00,42.58
26.03.2016 21:00:00,36.00
26.03.2016 22:00:00,23.19
26.03.2016 23:00:00,20.62
27.03.2016 0:00:00,18.73
27.03.2016 1:00:00,18.60
27.03.2016 2:00:00,18.27
27.03.2016 3:00:00,18.45
27.03.2016 4:00:00,17.77
27.03.2016 5:00:00,16.86
27.03.2016 6:00:00,17.84
27.03.2016 7:00:00,18.04
27.03.2016 8:00:00,19.02
27.03.2016 9:00:00,21.20
27.03.2016 10:00:00,35.38
27.03.2016 11:00:00,31.02
27.03.2016 12:00:00,31.11
27.03.2016 13:00:00,28.36
27.03.2016 14:00:00,28.18
27.03.2016 15:00:00,28.30
27.03.2016 16:00:00,32.70
27.03.2016 17:00:00,36.89
27.03.2016 18:00:00,38.58
27.03.2016 19:00:00,41.84
27.03.2016 20:00:00,31.25
27.03.2016 21:00:00,28.75
27.03.2016 22:00:00,21.57
27.03.2016 23:00:00,20.00
28.03.2016 0:00:00,18.85
28.03.2016 1:00:00,18.03
28.03.2016 2:00:00,17.38
28.03.2016 3:00:00,17.40
28.03.2016 4:00:00,17.62
28.03.2016 5:00:00,17.07
28.03.2016 6:00:00,17.49
28.03.2016 7:00:00,19.18
28.03.2016 8:00:00,21.89
28.03.2016 9:00:00,39.50
28.03.2016 10:00:00,38.65
28.03.2016 11:00:00,36.67
28.03.2016 12:00:00,35.88
28.03.2016 13:00:00,33.41
28.03.2016 14:00:00,27.82
28.03.2016 15:00:00,27.64
28.03.2016 16:00:00,35.24
28.03.2016 17:00:00,48.63
28.03.2016 18:00:00,46.57
28.03.2016 19:00:00,34.58
28.03.2016 20:00:00,30.03
28.03.2016 21:00:00,24.14
28.03.2016 22:00:00,18.90
28.03.2016 23:00:00,16.66
29.03.2016 0:00:00,17.15
29.03.2016 1:00:00,17.63
29.03.2016 2:00:00,17.30
29.03.2016 3:00:00,17.43
29.03.2016 4:00:00,17.58
29.03.2016 5:00:00,20.45
29.03.2016 6:00:00,20.73
29.03.2016 7:00:00,23.23
29.03.2016 8:00:00,21.67
29.03.2016 9:00:00,35.09
29.03.2016 10:00:00,30.58
29.03.2016 11:00:00,34.11
29.03.2016 12:00:00,30.73
29.03.2016 13:00:00,28.69
29.03.2016 14:00:00,29.94
29.03.2016 15:00:00,42.35
29.03.2016 16:00:00,39.95
29.03.2016 17:00:00,39.06
29.03.2016 18:00:00,40.49
29.03.2016 19:00:00,41.94
29.03.2016 20:00:00,29.88
29.03.2016 21:00:00,23.26
29.03.2016 22:00:00,18.64
29.03.2016 23:00:00,18.52
30.03.2016 0:00:00,16.33
30.03.2016 1:00:00,16.72
30.03.2016 2:00:00,16.14
30.03.2016 3:00:00,18.04
30.03.2016 4:00:00,18.35
30.03.2016 5:00:00,21.61
30.03.2016 6:00:00,21.89
30.03.2016 7:00:00,22.67
30.03.2016 8:00:00,25.71
30.03.2016 9:00:00,34.40
30.03.2016 10:00:00,30.54
30.03.2016 11:00:00,30.13
30.03.2016 12:00:00,26.08
30.03.2016 13:00:00,30.57
30.03.2016 14:00:00,27.83
30.03.2016 15:00:00,31.84
30.03.2016 16:00:00,35.26
30.03.2016 17:00:00,38.64
30.03.2016 18:00:00,37.44
30.03.2016 19:00:00,38.82
30.03.2016 20:00:00,32.07
30.03.2016 21:00:00,23.92
30.03.2016 22:00:00,21.29
30.03.2016 23:00:00,17.68
31.03.2016 0:00:00,17.47
31.03.2016 1:00:00,17.27
31.03.2016 2:00:00,18.62
31.03.2016 3:00:00,19.14
31.03.2016 4:00:00,18.47
31.03.2016 5:00:00,19.02
31.03.2016 6:00:00,21.36
31.03.2016 7:00:00,23.13
31.03.2016 8:00:00,21.09
31.03.2016 9:00:00,33.40
31.03.2016 10:00:00,31.38
31.03.2016 11:00:00,28.14
31.03.2016 12:00:00,26.02
31.03.2016 13:00:00,26.37
31.03.2016 14:00:00,28.88
31.03.2016 15:00:00,28.35
31.03.2016 16:00:00,28.42
31.03.2016 17:00:00,27.25
31.03.2016 18:00:00,29.82
31.03.2016 19:00:00,33.12
31.03.2016 20:00:00,31.89
31.03.2016 21:00:00,26.34
31.03.2016 22:00:00,21.58
31.03.2016 23:00:00,17.76
01.04.2016 0:00:00,18.75
01.04.2016 1:00:00,18.12
01.04.2016 2:00:00,18.36
01.04.2016 3:00:00,18.80
01.04.2016 4:00:00,17.76
01.04.2016 5:00:00,20.06
01.04.2016 6:00:00,21.56
01.04.2016 7:00:00,22.11
01.04.2016 8:00:00,21.85
01.04.2016 9:00:00,39.13
01.04.2016 10:00:00,34.52
01.04.2016 11:00:00,33.49
01.04.2016 12:00:00,29.10
01.04.2016 13:00:00,26.51
01.04.2016 14:00:00,28.77
01.04.2016 15:00:00,45.04
01.04.2016 16:00:00,41.02
01.04.2016 17:00:00,41.70
01.04.2016 18:00:00,43.12
01.04.2016 19:00:00,46.05
01.04.2016 20:00:00,40.08
01.04.2016 21:00:00,34.87
01.04.2016 22:00:00,27.96
01.04.2016 23:00:00,21.23
02.04.2016 0:00:00,19.79
02.04.2016 1:00:00,18.74
02.04.2016 2:00:00,18.14
02.04.2016 3:00:00,18.29
02.04.2016 4:00:00,18.23
02.04.2016 5:00:00,18.62
02.04.2016 6:00:00,25.59
02.04.2016 7:00:00,24.39
02.04.2016 8:00:00,21.76
02.04.2016 9:00:00,29.96
02.04.2016 10:00:00,34.13
02.04.2016 11:00:00,28.25
02.04.2016 12:00:00,28.42
02.04.2016 13:00:00,33.35
02.04.2016 14:00:00,33.96
02.04.2016 15:00:00,40.80
02.04.2016 16:00:00,48.23
02.04.2016 17:00:00,59.81
02.04.2016 18:00:00,51.93
02.04.2016 19:00:00,51.04
02.04.2016 20:00:00,41.27
02.04.2016 21:00:00,40.85
02.04.2016 22:00:00,35.18
02.04.2016 23:00:00,24.60
03.04.2016 0:00:00,20.47
03.04.2016 1:00:00,18.88
03.04.2016 2:00:00,17.93
03.04.2016 3:00:00,17.46
03.04.2016 4:00:00,17.45
03.04.2016 5:00:00,17.13
03.04.2016 6:00:00,20.25
03.04.2016 7:00:00,22.28
03.04.2016 8:00:00,22.98
03.04.2016 9:00:00,25.52
03.04.2016 10:00:00,36.48
03.04.2016 11:00:00,33.14
03.04.2016 12:00:00,32.48
03.04.2016 13:00:00,35.85
03.04.2016 14:00:00,31.17
03.04.2016 15:00:00,42.93
03.04.2016 16:00:00,39.95
03.04.2016 17:00:00,42.49
03.04.2016 18:00:00,41.40
03.04.2016 19:00:00,38.61
03.04.2016 20:00:00,34.11
03.04.2016 21:00:00,28.38
03.04.2016 22:00:00,22.39
03.04.2016 23:00:00,21.49
04.04.2016 0:00:00,21.13
04.04.2016 1:00:00,19.83
04.04.2016 2:00:00,17.34
04.04.2016 3:00:00,17.53
04.04.2016 4:00:00,18.26
04.04.2016 5:00:00,22.61
04.04.2016 6:00:00,23.39
04.04.2016 7:00:00,25.35
04.04.2016 8:00:00,33.76
04.04.2016 9:00:00,32.77
04.04.2016 10:00:00,36.05
04.04.2016 11:00:00,30.78
04.04.2016 12:00:00,28.25
04.04.2016 13:00:00,29.73
04.04.2016 14:00:00,28.81
04.04.2016 15:00:00,32.19
04.04.2016 16:00:00,34.66
04.04.2016 17:00:00,32.83
04.04.2016 18:00:00,38.58
04.04.2016 19:00:00,36.43
04.04.2016 20:00:00,33.98
04.04.2016 21:00:00,25.71
04.04.2016 22:00:00,22.08
04.04.2016 23:00:00,19.80
05.04.2016 0:00:00,19.01
05.04.2016 1:00:00,18.25
05.04.2016 2:00:00,16.73
05.04.2016 3:00:00,17.82
05.04.2016 4:00:00,17.15
05.04.2016 5:00:00,20.75
05.04.2016 6:00:00,21.36
05.04.2016 7:00:00,23.18
05.04.2016 8:00:00,27.06
05.04.2016 9:00:00,34.29
05.04.2016 10:00:00,28.69
05.04.2016 11:00:00,31.33
05.04.2016 12:00:00,31.83
05.04.2016 13:00:00,27.90
05.04.2016 14:00:00,28.96
05.04.2016 15:00:00,40.71
05.04.2016 16:00:00,40.65
05.04.2016 17:00:00,42.07
05.04.2016 18:00:00,42.49
05.04.2016 19:00:00,35.68
05.04.2016 20:00:00,31.59
05.04.2016 21:00:00,22.80
05.04.2016 22:00:00,20.27
05.04.2016 23:00:00,19.27
06.04.2016 0:00:00,18.60
06.04.2016 1:00:00,17.67
06.04.2016 2:00:00,17.65
06.04.2016 3:00:00,17.74
06.04.2016 4:00:00,17.29
06.04.2016 5:00:00,21.95
06.04.2016 6:00:00,21.26
06.04.2016 7:00:00,20.11
06.04.2016 8:00:00,29.62
06.04.2016 9:00:00,29.62
06.04.2016 10:00:00,28.62
06.04.2016 11:00:00,27.46
06.04.2016 12:00:00,22.40
06.04.2016 13:00:00,23.81
06.04.2016 14:00:00,26.21
06.04.2016 15:00:00,29.48
06.04.2016 16:00:00,31.74
06.04.2016 17:00:00,36.61
06.04.2016 18:00:00,37.97
06.04.2016 19:00:00,39.42
06.04.2016 20:00:00,41.71
06.04.2016 21:00:00,33.71
06.04.2016 22:00:00,24.21
06.04.2016 23:00:00,19.42
07.04.2016 0:00:00,17.89
07.04.2016 1:00:00,17.68
07.04.2016 2:00:00,17.65
07.04.2016 3:00:00,18.02
07.04.2016 4:00:00,17.94
07.04.2016 5:00:00,20.02
07.04.2016 6:00:00,22.56
07.04.2016 7:00:00,19.71
07.04.2016 8:00:00,27.66
07.04.2016 9:00:00,30.11
07.04.2016 10:00:00,32.22
07.04.2016 11:00:00,30.44
07.04.2016 12:00:00,25.57
07.04.2016 13:00:00,27.83
07.04.2016 14:00:00,29.33
07.04.2016 15:00:00,33.91
07.04.2016 16:00:00,29.85
07.04.2016 17:00:00,31.37
07.04.2016 18:00:00,28.95
07.04.2016 19:00:00,30.63
07.04.2016 20:00:00,30.81
07.04.2016 21:00:00,24.81
07.04.2016 22:00:00,21.52
07.04.2016 23:00:00,17.66
08.04.2016 0:00:00,17.54
08.04.2016 1:00:00,16.89
08.04.2016 2:00:00,16.99
08.04.2016 3:00:00,17.49
08.04.2016 4:00:00,17.70
08.04.2016 5:00:00,19.72
08.04.2016 6:00:00,22.40
08.04.2016 7:00:00,23.47
08.04.2016 8:00:00,34.96
08.04.2016 9:00:00,30.50
08.04.2016 10:00:00,29.56
08.04.2016 11:00:00,31.11
08.04.2016 12:00:00,29.48
08.04.2016 13:00:00,30.21
08.04.2016 14:00:00,29.90
08.04.2016 15:00:00,48.31
08.04.2016 16:00:00,45.45
08.04.2016 17:00:00,57.35
08.04.2016 18:00:00,57.02
08.04.2016 19:00:00,55.32
08.04.2016 20:00:00,46.74
08.04.2016 21:00:00,35.37
08.04.2016 22:00:00,25.96
08.04.2016 23:00:00,20.21
09.04.2016 0:00:00,17.88
09.04.2016 1:00:00,17.65
09.04.2016 2:00:00,17.60
09.04.2016 3:00:00,18.03
09.04.2016 4:00:00,17.89
09.04.2016 5:00:00,18.62
09.04.2016 6:00:00,19.08
09.04.2016 7:00:00,23.19
09.04.2016 8:00:00,20.84
09.04.2016 9:00:00,29.11
09.04.2016 10:00:00,33.58
09.04.2016 11:00:00,31.14
09.04.2016 12:00:00,36.66
09.04.2016 13:00:00,36.77
09.04.2016 14:00:00,33.06
09.04.2016 15:00:00,44.03
09.04.2016 16:00:00,38.68
09.04.2016 17:00:00,38.72
09.04.2016 18:00:00,45.59
09.04.2016 19:00:00,45.06
09.04.2016 20:00:00,42.71
09.04.2016 21:00:00,36.25
09.04.2016 22:00:00,25.31
09.04.2016 23:00:00,22.06
10.04.2016 0:00:00,21.64
10.04.2016 1:00:00,19.30
10.04.2016 2:00:00,17.73
10.04.2016 3:00:00,17.76
10.04.2016 4:00:00,17.31
10.04.2016 5:00:00,17.22
10.04.2016 6:00:00,17.48
10.04.2016 7:00:00,19.15
10.04.2016 8:00:00,20.49
10.04.2016 9:00:00,26.16
10.04.2016 10:00:00,34.66
10.04.2016 11:00:00,30.70
10.04.2016 12:00:00,27.18
10.04.2016 13:00:00,28.54
10.04.2016 14:00:00,35.05
10.04.2016 15:00:00,38.07
10.04.2016 16:00:00,38.09
10.04.2016 17:00:00,45.27
10.04.2016 18:00:00,36.58
10.04.2016 19:00:00,37.63
10.04.2016 20:00:00,30.15
10.04.2016 21:00:00,27.53
10.04.2016 22:00:00,19.72
10.04.2016 23:00:00,17.66
11.04.2016 0:00:00,17.29
11.04.2016 1:00:00,17.25
11.04.2016 2:00:00,17.42
11.04.2016 3:00:00,17.80
11.04.2016 4:00:00,18.01
11.04.2016 5:00:00,21.93
11.04.2016 6:00:00,22.72
11.04.2016 7:00:00,25.50
11.04.2016 8:00:00,30.07
11.04.2016 9:00:00,28.69
11.04.2016 10:00:00,27.29
11.04.2016 11:00:00,26.15
11.04.2016 12:00:00,23.96
11.04.2016 13:00:00,24.91
11.04.2016 14:00:00,24.46
11.04.2016 15:00:00,27.33
11.04.2016 16:00:00,31.07
11.04.2016 17:00:00,34.02
11.04.2016 18:00:00,43.34
11.04.2016 19:00:00,43.40
11.04.2016 20:00:00,40.06
11.04.2016 21:00:00,31.48
11.04.2016 22:00:00,19.58
11.04.2016 23:00:00,17.54
12.04.2016 0:00:00,17.18
12.04.2016 1:00:00,16.88
12.04.2016 2:00:00,16.70
12.04.2016 3:00:00,16.93
12.04.2016 4:00:00,16.40
12.04.2016 5:00:00,19.84
12.04.2016 6:00:00,22.85
12.04.2016 7:00:00,22.59
12.04.2016 8:00:00,28.71
12.04.2016 9:00:00,33.38
12.04.2016 10:00:00,32.89
12.04.2016 11:00:00,27.60
12.04.2016 12:00:00,26.93
12.04.2016 13:00:00,30.39
12.04.2016 14:00:00,30.30
12.04.2016 15:00:00,43.22
12.04.2016 16:00:00,40.83
12.04.2016 17:00:00,37.86
12.04.2016 18:00:00,40.18
12.04.2016 19:00:00,40.14
12.04.2016 20:00:00,36.44
12.04.2016 21:00:00,27.05
12.04.2016 22:00:00,19.41
12.04.2016 23:00:00,17.29
13.04.2016 0:00:00,16.61
13.04.2016 1:00:00,16.78
13.04.2016 2:00:00,16.68
13.04.2016 3:00:00,17.81
13.04.2016 4:00:00,17.96
13.04.2016 5:00:00,19.96
13.04.2016 6:00:00,21.52
13.04.2016 7:00:00,21.22
13.04.2016 8:00:00,29.82
13.04.2016 9:00:00,29.69
13.04.2016 10:00:00,27.02
13.04.2016 11:00:00,23.76
13.04.2016 12:00:00,24.56
13.04.2016 13:00:00,25.96
13.04.2016 14:00:00,23.87
13.04.2016 15:00:00,27.49
13.04.2016 16:00:00,32.00
13.04.2016 17:00:00,32.44
13.04.2016 18:00:00,34.11
13.04.2016 19:00:00,35.90
13.04.2016 20:00:00,36.93
13.04.2016 21:00:00,26.09
13.04.2016 22:00:00,20.04
13.04.2016 23:00:00,18.99
14.04.2016 0:00:00,17.04
14.04.2016 1:00:00,16.70
14.04.2016 2:00:00,17.55
14.04.2016 3:00:00,17.97
14.04.2016 4:00:00,18.02
14.04.2016 5:00:00,19.74
14.04.2016 6:00:00,21.33
14.04.2016 7:00:00,24.01
14.04.2016 8:00:00,29.82
14.04.2016 9:00:00,30.02
14.04.2016 10:00:00,27.39
14.04.2016 11:00:00,25.94
14.04.2016 12:00:00,25.97
14.04.2016 13:00:00,28.56
14.04.2016 14:00:00,32.36
14.04.2016 15:00:00,32.47
14.04.2016 16:00:00,39.40
14.04.2016 17:00:00,41.72
14.04.2016 18:00:00,40.76
14.04.2016 19:00:00,43.26
14.04.2016 20:00:00,36.45
14.04.2016 21:00:00,28.74
14.04.2016 22:00:00,24.75
14.04.2016 23:00:00,21.04
15.04.2016 0:00:00,18.27
15.04.2016 1:00:00,18.30
15.04.2016 2:00:00,17.40
15.04.2016 3:00:00,17.73
15.04.2016 4:00:00,17.59
15.04.2016 5:00:00,20.84
15.04.2016 6:00:00,21.96
15.04.2016 7:00:00,22.54
15.04.2016 8:00:00,27.76
15.04.2016 9:00:00,33.27
15.04.2016 10:00:00,29.44
15.04.2016 11:00:00,26.81
15.04.2016 12:00:00,28.22
15.04.2016 13:00:00,27.85
15.04.2016 14:00:00,30.50
15.04.2016 15:00:00,45.26
15.04.2016 16:00:00,38.97
15.04.2016 17:00:00,52.48
15.04.2016 18:00:00,39.53
15.04.2016 19:00:00,39.21
15.04.2016 20:00:00,34.29
15.04.2016 21:00:00,34.82
15.04.2016 22:00:00,25.85
15.04.2016 23:00:00,25.99
16.04.2016 0:00:00,20.02
16.04.2016 1:00:00,18.52
16.04.2016 2:00:00,18.10
16.04.2016 3:00:00,18.21
16.04.2016 4:00:00,17.97
16.04.2016 5:00:00,18.59
16.04.2016 6:00:00,22.06
16.04.2016 7:00:00,24.46
16.04.2016 8:00:00,26.17
16.04.2016 9:00:00,32.00
16.04.2016 10:00:00,38.44
16.04.2016 11:00:00,35.86
16.04.2016 12:00:00,34.92
16.04.2016 13:00:00,35.73
16.04.2016 14:00:00,35.17
16.04.2016 15:00:00,45.67
16.04.2016 16:00:00,43.67
16.04.2016 17:00:00,48.79
16.04.2016 18:00:00,56.96
16.04.2016 19:00:00,57.15
16.04.2016 20:00:00,53.67
16.04.2016 21:00:00,33.55
16.04.2016 22:00:00,24.99
16.04.2016 23:00:00,23.15
17.04.2016 0:00:00,20.41
17.04.2016 1:00:00,19.13
17.04.2016 2:00:00,19.25
17.04.2016 3:00:00,15.80
17.04.2016 4:00:00,17.54
17.04.2016 5:00:00,18.77
17.04.2016 6:00:00,17.52
17.04.2016 7:00:00,22.48
17.04.2016 8:00:00,27.51
17.04.2016 9:00:00,24.86
17.04.2016 10:00:00,36.43
17.04.2016 11:00:00,37.51
17.04.2016 12:00:00,39.27
17.04.2016 13:00:00,34.72
17.04.2016 14:00:00,37.71
17.04.2016 15:00:00,38.73
17.04.2016 16:00:00,46.11
17.04.2016 17:00:00,50.41
17.04.2016 18:00:00,48.24
17.04.2016 19:00:00,48.30
17.04.2016 20:00:00,35.77
17.04.2016 21:00:00,26.17
17.04.2016 22:00:00,20.20
17.04.2016 23:00:00,18.05
18.04.2016 0:00:00,15.99
18.04.2016 1:00:00,16.19
18.04.2016 2:00:00,17.47
18.04.2016 3:00:00,18.32
18.04.2016 4:00:00,18.23
18.04.2016 5:00:00,20.71
18.04.2016 6:00:00,22.24
18.04.2016 7:00:00,22.37
18.04.2016 8:00:00,29.47
18.04.2016 9:00:00,34.19
18.04.2016 10:00:00,30.05
18.04.2016 11:00:00,27.31
18.04.2016 12:00:00,34.72
18.04.2016 13:00:00,31.64
18.04.2016 14:00:00,31.21
18.04.2016 15:00:00,35.73
18.04.2016 16:00:00,41.99
18.04.2016 17:00:00,42.84
18.04.2016 18:00:00,37.61
18.04.2016 19:00:00,45.34
18.04.2016 20:00:00,38.01
18.04.2016 21:00:00,31.02
18.04.2016 22:00:00,24.09
18.04.2016 23:00:00,19.71
19.04.2016 0:00:00,19.40
19.04.2016 1:00:00,17.66
19.04.2016 2:00:00,18.11
19.04.2016 3:00:00,18.16
19.04.2016 4:00:00,18.38
19.04.2016 5:00:00,21.69
19.04.2016 6:00:00,21.54
19.04.2016 7:00:00,24.88
19.04.2016 8:00:00,35.60
19.04.2016 9:00:00,29.87
19.04.2016 10:00:00,28.46
19.04.2016 11:00:00,25.49
19.04.2016 12:00:00,23.76
19.04.2016 13:00:00,26.91
19.04.2016 14:00:00,29.54
19.04.2016 15:00:00,40.62
19.04.2016 16:00:00,32.38
19.04.2016 17:00:00,29.80
19.04.2016 18:00:00,38.75
19.04.2016 19:00:00,30.65
19.04.2016 20:00:00,29.76
19.04.2016 21:00:00,22.08
19.04.2016 22:00:00,20.00
19.04.2016 23:00:00,17.58
20.04.2016 0:00:00,17.50
20.04.2016 1:00:00,16.93
20.04.2016 2:00:00,16.37
20.04.2016 3:00:00,17.74
20.04.2016 4:00:00,17.78
20.04.2016 5:00:00,20.31
20.04.2016 6:00:00,20.38
20.04.2016 7:00:00,21.88
20.04.2016 8:00:00,27.94
20.04.2016 9:00:00,32.12
20.04.2016 10:00:00,27.77
20.04.2016 11:00:00,28.50
20.04.2016 12:00:00,25.39
20.04.2016 13:00:00,25.29
20.04.2016 14:00:00,27.81
20.04.2016 15:00:00,33.84
20.04.2016 16:00:00,35.60
20.04.2016 17:00:00,38.99
20.04.2016 18:00:00,41.26
20.04.2016 19:00:00,39.35
20.04.2016 20:00:00,34.68
20.04.2016 21:00:00,25.40
20.04.2016 22:00:00,22.37
20.04.2016 23:00:00,20.26
21.04.2016 0:00:00,17.65
21.04.2016 1:00:00,17.01
21.04.2016 2:00:00,17.56
21.04.2016 3:00:00,17.49
21.04.2016 4:00:00,18.22
21.04.2016 5:00:00,21.23
21.04.2016 6:00:00,21.80
21.04.2016 7:00:00,21.92
21.04.2016 8:00:00,30.33
21.04.2016 9:00:00,27.24
21.04.2016 10:00:00,26.65
21.04.2016 11:00:00,26.22
21.04.2016 12:00:00,23.72
21.04.2016 13:00:00,30.58
21.04.2016 14:00:00,31.76
21.04.2016 15:00:00,29.49
21.04.2016 16:00:00,32.03
21.04.2016 17:00:00,35.26
21.04.2016 18:00:00,30.40
21.04.2016 19:00:00,33.27
21.04.2016 20:00:00,38.50
21.04.2016 21:00:00,28.08
21.04.2016 22:00:00,20.92
21.04.2016 23:00:00,18.08
22.04.2016 0:00:00,17.49
22.04.2016 1:00:00,16.87
22.04.2016 2:00:00,17.00
22.04.2016 3:00:00,16.74
22.04.2016 4:00:00,17.70
22.04.2016 5:00:00,19.56
22.04.2016 6:00:00,21.30
22.04.2016 7:00:00,21.81
22.04.2016 8:00:00,30.79
22.04.2016 9:00:00,30.79
22.04.2016 10:00:00,30.99
22.04.2016 11:00:00,26.93
22.04.2016 12:00:00,25.29
22.04.2016 13:00:00,29.39
22.04.2016 14:00:00,30.34
22.04.2016 15:00:00,51.04
22.04.2016 16:00:00,51.11
22.04.2016 17:00:00,48.75
22.04.2016 18:00:00,52.11
22.04.2016 19:00:00,47.83
22.04.2016 20:00:00,42.39
22.04.2016 21:00:00,35.14
22.04.2016 22:00:00,27.26
22.04.2016 23:00:00,20.80
23.04.2016 0:00:00,19.90
23.04.2016 1:00:00,18.59
23.04.2016 2:00:00,17.60
23.04.2016 3:00:00,17.81
23.04.2016 4:00:00,17.02
23.04.2016 5:00:00,17.34
23.04.2016 6:00:00,18.30
23.04.2016 7:00:00,23.15
23.04.2016 8:00:00,24.35
23.04.2016 9:00:00,35.56
23.04.2016 10:00:00,28.66
23.04.2016 11:00:00,30.07
23.04.2016 12:00:00,32.25
23.04.2016 13:00:00,31.13
23.04.2016 14:00:00,36.94
23.04.2016 15:00:00,44.81
23.04.2016 16:00:00,43.73
23.04.2016 17:00:00,45.18
23.04.2016 18:00:00,56.90
23.04.2016 19:00:00,45.93
23.04.2016 20:00:00,41.50
23.04.2016 21:00:00,38.10
23.04.2016 22:00:00,26.99
23.04.2016 23:00:00,21.79
24.04.2016 0:00:00,19.97
24.04.2016 1:00:00,17.30
24.04.2016 2:00:00,16.80
24.04.2016 3:00:00,17.84
24.04.2016 4:00:00,16.95
24.04.2016 5:00:00,16.98
24.04.2016 6:00:00,19.90
24.04.2016 7:00:00,22.48
24.04.2016 8:00:00,22.03
24.04.2016 9:00:00,22.03
24.04.2016 10:00:00,30.48
24.04.2016 11:00:00,33.16
24.04.2016 12:00:00,27.30
24.04.2016 13:00:00,29.14
24.04.2016 14:00:00,30.32
24.04.2016 15:00:00,37.62
24.04.2016 16:00:00,39.38
24.04.2016 17:00:00,39.94
24.04.2016 18:00:00,49.68
24.04.2016 19:00:00,42.92
24.04.2016 20:00:00,30.10
24.04.2016 21:00:00,25.05
24.04.2016 22:00:00,21.95
24.04.2016 23:00:00,20.12
25.04.2016 0:00:00,19.99
25.04.2016 1:00:00,17.28
25.04.2016 2:00:00,17.48
25.04.2016 3:00:00,17.67
25.04.2016 4:00:00,17.41
25.04.2016 5:00:00,20.39
25.04.2016 6:00:00,22.12
25.04.2016 7:00:00,23.62
25.04.2016 8:00:00,27.80
25.04.2016 9:00:00,33.98
25.04.2016 10:00:00,33.89
25.04.2016 11:00:00,26.68
25.04.2016 12:00:00,27.97
25.04.2016 13:00:00,33.27
25.04.2016 14:00:00,26.88
25.04.2016 15:00:00,27.27
25.04.2016 16:00:00,30.95
25.04.2016 17:00:00,31.30
25.04.2016 18:00:00,32.54
25.04.2016 19:00:00,29.06
25.04.2016 20:00:00,29.39
25.04.2016 21:00:00,21.52
25.04.2016 22:00:00,18.13
25.04.2016 23:00:00,17.10
26.04.2016 0:00:00,16.62
26.04.2016 1:00:00,16.40
26.04.2016 2:00:00,17.74
26.04.2016 3:00:00,17.97
26.04.2016 4:00:00,18.29
26.04.2016 5:00:00,19.62
26.04.2016 6:00:00,22.42
26.04.2016 7:00:00,23.40
26.04.2016 8:00:00,26.95
26.04.2016 9:00:00,33.74
26.04.2016 10:00:00,31.91
26.04.2016 11:00:00,30.92
26.04.2016 12:00:00,26.33
26.04.2016 13:00:00,30.23
26.04.2016 14:00:00,37.44
26.04.2016 15:00:00,41.42
26.04.2016 16:00:00,42.78
26.04.2016 17:00:00,52.13
26.04.2016 18:00:00,46.59
26.04.2016 19:00:00,42.44
26.04.2016 20:00:00,34.23
26.04.2016 21:00:00,27.19
26.04.2016 22:00:00,23.04
26.04.2016 23:00:00,18.81
27.04.2016 0:00:00,18.59
27.04.2016 1:00:00,18.23
27.04.2016 2:00:00,17.81
27.04.2016 3:00:00,18.06
27.04.2016 4:00:00,17.72
27.04.2016 5:00:00,20.17
27.04.2016 6:00:00,22.38
27.04.2016 7:00:00,23.37
27.04.2016 8:00:00,34.63
27.04.2016 9:00:00,27.58
27.04.2016 10:00:00,27.02
27.04.2016 11:00:00,29.69
27.04.2016 12:00:00,25.52
27.04.2016 13:00:00,27.58
27.04.2016 14:00:00,28.09
27.04.2016 15:00:00,29.46
27.04.2016 16:00:00,33.24
27.04.2016 17:00:00,37.21
27.04.2016 18:00:00,35.90
27.04.2016 19:00:00,33.88
27.04.2016 20:00:00,38.15
27.04.2016 21:00:00,26.99
27.04.2016 22:00:00,18.64
27.04.2016 23:00:00,17.49
28.04.2016 0:00:00,16.99
28.04.2016 1:00:00,16.48
28.04.2016 2:00:00,16.75
28.04.2016 3:00:00,17.84
28.04.2016 4:00:00,16.65
28.04.2016 5:00:00,19.55
28.04.2016 6:00:00,21.89
28.04.2016 7:00:00,21.99
28.04.2016 8:00:00,31.08
28.04.2016 9:00:00,33.12
28.04.2016 10:00:00,31.09
28.04.2016 11:00:00,28.85
28.04.2016 12:00:00,29.23
28.04.2016 13:00:00,28.73
28.04.2016 14:00:00,30.59
28.04.2016 15:00:00,29.74
28.04.2016 16:00:00,29.12
28.04.2016 17:00:00,33.31
28.04.2016 18:00:00,38.32
28.04.2016 19:00:00,38.98
28.04.2016 20:00:00,37.24
28.04.2016 21:00:00,31.32
28.04.2016 22:00:00,21.83
28.04.2016 23:00:00,18.34
29.04.2016 0:00:00,17.60
29.04.2016 1:00:00,17.21
29.04.2016 2:00:00,17.80
29.04.2016 3:00:00,16.84
29.04.2016 4:00:00,17.58
29.04.2016 5:00:00,20.43
29.04.2016 6:00:00,24.09
29.04.2016 7:00:00,27.41
29.04.2016 8:00:00,34.02
29.04.2016 9:00:00,26.69
29.04.2016 10:00:00,28.18
29.04.2016 11:00:00,28.66
29.04.2016 12:00:00,27.80
29.04.2016 13:00:00,28.45
29.04.2016 14:00:00,31.36
29.04.2016 15:00:00,42.38
29.04.2016 16:00:00,46.01
29.04.2016 17:00:00,41.89
29.04.2016 18:00:00,35.82
29.04.2016 19:00:00,39.91
29.04.2016 20:00:00,36.36
29.04.2016 21:00:00,26.60
29.04.2016 22:00:00,22.57
29.04.2016 23:00:00,20.56
30.04.2016 0:00:00,19.75
30.04.2016 1:00:00,16.15
30.04.2016 2:00:00,16.41
30.04.2016 3:00:00,15.46
30.04.2016 4:00:00,15.42
30.04.2016 5:00:00,15.75
30.04.2016 6:00:00,16.42
30.04.2016 7:00:00,19.69
30.04.2016 8:00:00,21.91
30.04.2016 9:00:00,29.61
30.04.2016 10:00:00,35.25
30.04.2016 11:00:00,30.19
30.04.2016 12:00:00,29.53
30.04.2016 13:00:00,30.01
30.04.2016 14:00:00,31.36
30.04.2016 15:00:00,38.95
30.04.2016 16:00:00,32.89
30.04.2016 17:00:00,32.78
30.04.2016 18:00:00,33.59
30.04.2016 19:00:00,36.26
30.04.2016 20:00:00,30.13
30.04.2016 21:00:00,24.85
30.04.2016 22:00:00,20.73
30.04.2016 23:00:00,21.87
01.05.2016 0:00:00,19.56
01.05.2016 1:00:00,18.39
01.05.2016 2:00:00,16.31
01.05.2016 3:00:00,17.26
01.05.2016 4:00:00,15.90
01.05.2016 5:00:00,15.43
01.05.2016 6:00:00,15.79
01.05.2016 7:00:00,18.56
01.05.2016 8:00:00,18.37
01.05.2016 9:00:00,37.20
01.05.2016 10:00:00,27.88
01.05.2016 11:00:00,32.72
01.05.2016 12:00:00,32.10
01.05.2016 13:00:00,29.91
01.05.2016 14:00:00,32.25
01.05.2016 15:00:00,37.03
01.05.2016 16:00:00,30.03
01.05.2016 17:00:00,31.22
01.05.2016 18:00:00,31.00
01.05.2016 19:00:00,36.54
01.05.2016 20:00:00,25.07
01.05.2016 21:00:00,21.82
01.05.2016 22:00:00,18.61
01.05.2016 23:00:00,16.60
02.05.2016 0:00:00,16.05
02.05.2016 1:00:00,16.22
02.05.2016 2:00:00,16.26
02.05.2016 3:00:00,15.88
02.05.2016 4:00:00,16.10
02.05.2016 5:00:00,17.53
02.05.2016 6:00:00,19.37
02.05.2016 7:00:00,20.88
02.05.2016 8:00:00,27.96
02.05.2016 9:00:00,29.44
02.05.2016 10:00:00,27.09
02.05.2016 11:00:00,24.93
02.05.2016 12:00:00,23.18
02.05.2016 13:00:00,24.36
02.05.2016 14:00:00,27.57
02.05.2016 15:00:00,28.23
02.05.2016 16:00:00,36.64
02.05.2016 17:00:00,35.19
02.05.2016 18:00:00,39.85
02.05.2016 19:00:00,34.67
02.05.2016 20:00:00,40.79
02.05.2016 21:00:00,24.73
02.05.2016 22:00:00,18.08
02.05.2016 23:00:00,16.21
03.05.2016 0:00:00,15.67
03.05.2016 1:00:00,16.25
03.05.2016 2:00:00,16.02
03.05.2016 3:00:00,17.17
03.05.2016 4:00:00,16.36
03.05.2016 5:00:00,17.86
03.05.2016 6:00:00,20.14
03.05.2016 7:00:00,25.52
03.05.2016 8:00:00,27.85
03.05.2016 9:00:00,32.40
03.05.2016 10:00:00,30.38
03.05.2016 11:00:00,31.98
03.05.2016 12:00:00,29.05
03.05.2016 13:00:00,25.92
03.05.2016 14:00:00,28.92
03.05.2016 15:00:00,38.16
03.05.2016 16:00:00,32.43
03.05.2016 17:00:00,35.00
03.05.2016 18:00:00,33.01
03.05.2016 19:00:00,34.77
03.05.2016 20:00:00,30.91
03.05.2016 21:00:00,22.96
03.05.2016 22:00:00,20.80
03.05.2016 23:00:00,17.68
04.05.2016 0:00:00,17.48
04.05.2016 1:00:00,17.85
04.05.2016 2:00:00,15.17
04.05.2016 3:00:00,16.37
04.05.2016 4:00:00,15.61
04.05.2016 5:00:00,18.13
04.05.2016 6:00:00,20.64
04.05.2016 7:00:00,22.41
04.05.2016 8:00:00,26.94
04.05.2016 9:00:00,35.35
04.05.2016 10:00:00,32.40
04.05.2016 11:00:00,27.51
04.05.2016 12:00:00,27.88
04.05.2016 13:00:00,30.06
04.05.2016 14:00:00,27.85
04.05.2016 15:00:00,31.66
04.05.2016 16:00:00,29.62
04.05.2016 17:00:00,28.05
04.05.2016 18:00:00,30.32
04.05.2016 19:00:00,28.47
04.05.2016 20:00:00,32.36
04.05.2016 21:00:00,36.47
04.05.2016 22:00:00,21.09
04.05.2016 23:00:00,17.24
05.05.2016 0:00:00,17.14
05.05.2016 1:00:00,16.57
05.05.2016 2:00:00,15.73
05.05.2016 3:00:00,15.91
05.05.2016 4:00:00,15.15
05.05.2016 5:00:00,16.38
05.05.2016 6:00:00,17.46
05.05.2016 7:00:00,20.35
05.05.2016 8:00:00,20.85
05.05.2016 9:00:00,30.21
05.05.2016 10:00:00,32.08
05.05.2016 11:00:00,34.02
05.05.2016 12:00:00,27.95
05.05.2016 13:00:00,29.70
05.05.2016 14:00:00,30.23
05.05.2016 15:00:00,28.11
05.05.2016 16:00:00,31.18
05.05.2016 17:00:00,35.21
05.05.2016 18:00:00,43.20
05.05.2016 19:00:00,47.50
05.05.2016 20:00:00,38.64
05.05.2016 21:00:00,29.35
05.05.2016 22:00:00,24.50
05.05.2016 23:00:00,22.88
06.05.2016 0:00:00,20.96
06.05.2016 1:00:00,18.30
06.05.2016 2:00:00,18.02
06.05.2016 3:00:00,16.01
06.05.2016 4:00:00,16.29
06.05.2016 5:00:00,17.58
06.05.2016 6:00:00,20.23
06.05.2016 7:00:00,22.18
06.05.2016 8:00:00,31.86
06.05.2016 9:00:00,30.23
06.05.2016 10:00:00,34.19
06.05.2016 11:00:00,32.14
06.05.2016 12:00:00,27.58
06.05.2016 13:00:00,27.19
06.05.2016 14:00:00,30.44
06.05.2016 15:00:00,43.51
06.05.2016 16:00:00,42.49
06.05.2016 17:00:00,51.26
06.05.2016 18:00:00,46.55
06.05.2016 19:00:00,46.16
06.05.2016 20:00:00,38.36
06.05.2016 21:00:00,28.90
06.05.2016 22:00:00,21.03
06.05.2016 23:00:00,18.88
07.05.2016 0:00:00,18.19
07.05.2016 1:00:00,17.41
07.05.2016 2:00:00,16.70
07.05.2016 3:00:00,16.52
07.05.2016 4:00:00,16.24
07.05.2016 5:00:00,16.01
07.05.2016 6:00:00,17.88
07.05.2016 7:00:00,19.73
07.05.2016 8:00:00,24.57
07.05.2016 9:00:00,35.04
07.05.2016 10:00:00,31.45
07.05.2016 11:00:00,28.17
07.05.2016 12:00:00,28.15
07.05.2016 13:00:00,30.65
07.05.2016 14:00:00,29.10
07.05.2016 15:00:00,40.41
07.05.2016 16:00:00,37.82
07.05.2016 17:00:00,37.23
07.05.2016 18:00:00,39.37
07.05.2016 19:00:00,39.81
07.05.2016 20:00:00,43.10
07.05.2016 21:00:00,32.44
07.05.2016 22:00:00,25.55
07.05.2016 23:00:00,21.60
08.05.2016 0:00:00,21.85
08.05.2016 1:00:00,20.00
08.05.2016 2:00:00,16.99
08.05.2016 3:00:00,16.87
08.05.2016 4:00:00,15.43
08.05.2016 5:00:00,15.96
08.05.2016 6:00:00,17.54
08.05.2016 7:00:00,20.20
08.05.2016 8:00:00,24.89
08.05.2016 9:00:00,22.92
08.05.2016 10:00:00,35.79
08.05.2016 11:00:00,35.50
08.05.2016 12:00:00,33.45
08.05.2016 13:00:00,30.29
08.05.2016 14:00:00,35.04
08.05.2016 15:00:00,32.86
08.05.2016 16:00:00,35.35
08.05.2016 17:00:00,39.37
08.05.2016 18:00:00,35.50
08.05.2016 19:00:00,33.61
08.05.2016 20:00:00,28.37
08.05.2016 21:00:00,28.72
08.05.2016 22:00:00,23.56
08.05.2016 23:00:00,19.96
09.05.2016 0:00:00,18.93
09.05.2016 1:00:00,16.32
09.05.2016 2:00:00,16.80
09.05.2016 3:00:00,17.50
09.05.2016 4:00:00,17.47
09.05.2016 5:00:00,18.85
09.05.2016 6:00:00,21.88
09.05.2016 7:00:00,24.60
09.05.2016 8:00:00,30.41
09.05.2016 9:00:00,28.32
09.05.2016 10:00:00,28.78
09.05.2016 11:00:00,26.76
09.05.2016 12:00:00,30.20
09.05.2016 13:00:00,27.13
09.05.2016 14:00:00,29.56
09.05.2016 15:00:00,30.68
09.05.2016 16:00:00,35.51
09.05.2016 17:00:00,33.97
09.05.2016 18:00:00,40.53
09.05.2016 19:00:00,35.92
09.05.2016 20:00:00,30.97
09.05.2016 21:00:00,24.19
09.05.2016 22:00:00,21.30
09.05.2016 23:00:00,18.76
10.05.2016 0:00:00,17.89
10.05.2016 1:00:00,17.09
10.05.2016 2:00:00,17.38
10.05.2016 3:00:00,16.68
10.05.2016 4:00:00,17.02
10.05.2016 5:00:00,18.47
10.05.2016 6:00:00,22.71
10.05.2016 7:00:00,21.77
10.05.2016 8:00:00,30.12
10.05.2016 9:00:00,31.72
10.05.2016 10:00:00,32.59
10.05.2016 11:00:00,28.56
10.05.2016 12:00:00,31.91
10.05.2016 13:00:00,30.65
10.05.2016 14:00:00,29.83
10.05.2016 15:00:00,43.71
10.05.2016 16:00:00,37.92
10.05.2016 17:00:00,36.83
10.05.2016 18:00:00,38.51
10.05.2016 19:00:00,38.68
10.05.2016 20:00:00,34.31
10.05.2016 21:00:00,24.95
10.05.2016 22:00:00,21.14
10.05.2016 23:00:00,19.75
11.05.2016 0:00:00,17.48
11.05.2016 1:00:00,17.24
11.05.2016 2:00:00,16.71
11.05.2016 3:00:00,17.27
11.05.2016 4:00:00,17.20
11.05.2016 5:00:00,17.45
11.05.2016 6:00:00,20.82
11.05.2016 7:00:00,21.97
11.05.2016 8:00:00,28.09
11.05.2016 9:00:00,32.24
11.05.2016 10:00:00,28.94
11.05.2016 11:00:00,28.41
11.05.2016 12:00:00,25.62
11.05.2016 13:00:00,22.35
11.05.2016 14:00:00,23.41
11.05.2016 15:00:00,30.74
11.05.2016 16:00:00,31.45
11.05.2016 17:00:00,32.97
11.05.2016 18:00:00,34.01
11.05.2016 19:00:00,38.94
11.05.2016 20:00:00,32.44
11.05.2016 21:00:00,24.46
11.05.2016 22:00:00,22.23
11.05.2016 23:00:00,17.92
12.05.2016 0:00:00,17.23
12.05.2016 1:00:00,16.75
12.05.2016 2:00:00,16.91
12.05.2016 3:00:00,16.85
12.05.2016 4:00:00,16.72
12.05.2016 5:00:00,18.26
12.05.2016 6:00:00,22.76
12.05.2016 7:00:00,24.31
12.05.2016 8:00:00,27.68
12.05.2016 9:00:00,29.89
12.05.2016 10:00:00,28.28
12.05.2016 11:00:00,27.04
12.05.2016 12:00:00,28.82
12.05.2016 13:00:00,29.24
12.05.2016 14:00:00,31.40
12.05.2016 15:00:00,35.64
12.05.2016 16:00:00,36.73
12.05.2016 17:00:00,40.30
12.05.2016 18:00:00,35.44
12.05.2016 19:00:00,35.91
12.05.2016 20:00:00,33.81
12.05.2016 21:00:00,29.05
12.05.2016 22:00:00,21.86
12.05.2016 23:00:00,18.20
13.05.2016 0:00:00,16.68
13.05.2016 1:00:00,16.82
13.05.2016 2:00:00,16.68
13.05.2016 3:00:00,16.55
13.05.2016 4:00:00,17.04
13.05.2016 5:00:00,17.77
13.05.2016 6:00:00,21.13
13.05.2016 7:00:00,20.55
13.05.2016 8:00:00,30.02
13.05.2016 9:00:00,34.91
13.05.2016 10:00:00,33.65
13.05.2016 11:00:00,30.01
13.05.2016 12:00:00,30.12
13.05.2016 13:00:00,28.03
13.05.2016 14:00:00,30.04
13.05.2016 15:00:00,42.97
13.05.2016 16:00:00,45.04
13.05.2016 17:00:00,40.72
13.05.2016 18:00:00,42.77
13.05.2016 19:00:00,43.87
13.05.2016 20:00:00,36.85
13.05.2016 21:00:00,29.73
13.05.2016 22:00:00,23.51
13.05.2016 23:00:00,21.64
14.05.2016 0:00:00,19.85
14.05.2016 1:00:00,17.10
14.05.2016 2:00:00,16.32
14.05.2016 3:00:00,17.25
14.05.2016 4:00:00,17.66
14.05.2016 5:00:00,17.56
14.05.2016 6:00:00,16.93
14.05.2016 7:00:00,19.37
14.05.2016 8:00:00,21.39
14.05.2016 9:00:00,27.08
14.05.2016 10:00:00,34.50
14.05.2016 11:00:00,30.26
14.05.2016 12:00:00,32.20
14.05.2016 13:00:00,32.09
14.05.2016 14:00:00,33.85
14.05.2016 15:00:00,44.23
14.05.2016 16:00:00,41.74
14.05.2016 17:00:00,49.88
14.05.2016 18:00:00,51.37
14.05.2016 19:00:00,38.90
14.05.2016 20:00:00,33.72
14.05.2016 21:00:00,32.56
14.05.2016 22:00:00,26.01
14.05.2016 23:00:00,22.40
15.05.2016 0:00:00,20.43
15.05.2016 1:00:00,18.49
15.05.2016 2:00:00,17.61
15.05.2016 3:00:00,16.69
15.05.2016 4:00:00,16.53
15.05.2016 5:00:00,16.32
15.05.2016 6:00:00,16.86
15.05.2016 7:00:00,19.47
15.05.2016 8:00:00,23.93
15.05.2016 9:00:00,22.93
15.05.2016 10:00:00,30.34
15.05.2016 11:00:00,37.72
15.05.2016 12:00:00,37.64
15.05.2016 13:00:00,37.58
15.05.2016 14:00:00,36.80
15.05.2016 15:00:00,34.84
15.05.2016 16:00:00,39.10
15.05.2016 17:00:00,44.55
15.05.2016 18:00:00,42.14
15.05.2016 19:00:00,48.26
15.05.2016 20:00:00,38.50
15.05.2016 21:00:00,28.38
15.05.2016 22:00:00,20.23
15.05.2016 23:00:00,18.72
16.05.2016 0:00:00,18.08
16.05.2016 1:00:00,17.90
16.05.2016 2:00:00,16.67
16.05.2016 3:00:00,15.97
16.05.2016 4:00:00,16.11
16.05.2016 5:00:00,18.81
16.05.2016 6:00:00,20.72
16.05.2016 7:00:00,24.26
16.05.2016 8:00:00,27.21
16.05.2016 9:00:00,33.81
16.05.2016 10:00:00,31.16
16.05.2016 11:00:00,28.79
16.05.2016 12:00:00,28.91
16.05.2016 13:00:00,29.20
16.05.2016 14:00:00,31.45
16.05.2016 15:00:00,31.67
16.05.2016 16:00:00,32.69
16.05.2016 17:00:00,31.45
16.05.2016 18:00:00,36.14
16.05.2016 19:00:00,34.36
16.05.2016 20:00:00,27.56
16.05.2016 21:00:00,22.80
16.05.2016 22:00:00,20.55
16.05.2016 23:00:00,18.64
17.05.2016 0:00:00,17.89
17.05.2016 1:00:00,16.93
17.05.2016 2:00:00,15.99
17.05.2016 3:00:00,16.09
17.05.2016 4:00:00,16.59
17.05.2016 5:00:00,19.15
17.05.2016 6:00:00,22.03
17.05.2016 7:00:00,24.59
17.05.2016 8:00:00,26.24
17.05.2016 9:00:00,34.10
17.05.2016 10:00:00,33.91
17.05.2016 11:00:00,32.00
17.05.2016 12:00:00,26.69
17.05.2016 13:00:00,27.57
17.05.2016 14:00:00,25.13
17.05.2016 15:00:00,38.50
17.05.2016 16:00:00,34.90
17.05.2016 17:00:00,39.52
17.05.2016 18:00:00,41.91
17.05.2016 19:00:00,34.43
17.05.2016 20:00:00,33.22
17.05.2016 21:00:00,23.87
17.05.2016 22:00:00,26.37
17.05.2016 23:00:00,18.91
18.05.2016 0:00:00,18.52
18.05.2016 1:00:00,17.14
18.05.2016 2:00:00,16.62
18.05.2016 3:00:00,16.98
18.05.2016 4:00:00,17.47
18.05.2016 5:00:00,19.28
18.05.2016 6:00:00,22.65
18.05.2016 7:00:00,21.25
18.05.2016 8:00:00,27.76
18.05.2016 9:00:00,28.14
18.05.2016 10:00:00,29.34
18.05.2016 11:00:00,26.83
18.05.2016 12:00:00,26.65
18.05.2016 13:00:00,29.13
18.05.2016 14:00:00,28.72
18.05.2016 15:00:00,33.32
18.05.2016 16:00:00,35.70
18.05.2016 17:00:00,38.42
18.05.2016 18:00:00,32.93
18.05.2016 19:00:00,35.18
18.05.2016 20:00:00,33.23
18.05.2016 21:00:00,23.85
18.05.2016 22:00:00,19.79
18.05.2016 23:00:00,19.98
19.05.2016 0:00:00,18.55
19.05.2016 1:00:00,17.02
19.05.2016 2:00:00,16.66
19.05.2016 3:00:00,16.87
19.05.2016 4:00:00,16.84
19.05.2016 5:00:00,19.26
19.05.2016 6:00:00,22.34
19.05.2016 7:00:00,23.40
19.05.2016 8:00:00,24.16
19.05.2016 9:00:00,34.13
19.05.2016 10:00:00,28.25
19.05.2016 11:00:00,29.49
19.05.2016 12:00:00,27.58
19.05.2016 13:00:00,27.15
19.05.2016 14:00:00,31.49
19.05.2016 15:00:00,33.37
19.05.2016 16:00:00,31.00
19.05.2016 17:00:00,30.18
19.05.2016 18:00:00,34.32
19.05.2016 19:00:00,32.99
19.05.2016 20:00:00,31.91
19.05.2016 21:00:00,23.23
19.05.2016 22:00:00,23.24
19.05.2016 23:00:00,20.10
20.05.2016 0:00:00,20.02
20.05.2016 1:00:00,19.89
20.05.2016 2:00:00,19.12
20.05.2016 3:00:00,17.79
20.05.2016 4:00:00,16.22
20.05.2016 5:00:00,19.08
20.05.2016 6:00:00,21.50
20.05.2016 7:00:00,26.41
20.05.2016 8:00:00,30.04
20.05.2016 9:00:00,36.40
20.05.2016 10:00:00,30.12
20.05.2016 11:00:00,27.62
20.05.2016 12:00:00,33.67
20.05.2016 13:00:00,27.82
20.05.2016 14:00:00,29.89
20.05.2016 15:00:00,43.82
20.05.2016 16:00:00,45.94
20.05.2016 17:00:00,47.93
20.05.2016 18:00:00,53.23
20.05.2016 19:00:00,46.09
20.05.2016 20:00:00,45.63
20.05.2016 21:00:00,40.37
20.05.2016 22:00:00,22.79
20.05.2016 23:00:00,18.68
21.05.2016 0:00:00,18.98
21.05.2016 1:00:00,18.11
21.05.2016 2:00:00,16.68
21.05.2016 3:00:00,17.17
21.05.2016 4:00:00,17.81
21.05.2016 5:00:00,17.59
21.05.2016 6:00:00,17.43
21.05.2016 7:00:00,19.93
21.05.2016 8:00:00,25.86
21.05.2016 9:00:00,29.94
21.05.2016 10:00:00,35.12
21.05.2016 11:00:00,31.31
21.05.2016 12:00:00,34.62
21.05.2016 13:00:00,34.70
21.05.2016 14:00:00,38.30
21.05.2016 15:00:00,42.97
21.05.2016 16:00:00,42.14
21.05.2016 17:00:00,40.99
21.05.2016 18:00:00,40.49
21.05.2016 19:00:00,44.60
21.05.2016 20:00:00,40.42
21.05.2016 21:00:00,30.47
21.05.2016 22:00:00,24.93
21.05.2016 23:00:00,22.12
22.05.2016 0:00:00,18.24
22.05.2016 1:00:00,17.07
22.05.2016 2:00:00,17.57
22.05.2016 3:00:00,16.73
22.05.2016 4:00:00,15.86
22.05.2016 5:00:00,16.07
22.05.2016 6:00:00,18.13
22.05.2016 7:00:00,21.12
22.05.2016 8:00:00,21.12
22.05.2016 9:00:00,27.17
22.05.2016 10:00:00,33.57
22.05.2016 11:00:00,38.82
22.05.2016 12:00:00,36.46
22.05.2016 13:00:00,34.33
22.05.2016 14:00:00,34.03
22.05.2016 15:00:00,33.55
22.05.2016 16:00:00,42.45
22.05.2016 17:00:00,43.97
22.05.2016 18:00:00,39.56
22.05.2016 19:00:00,39.38
22.05.2016 20:00:00,31.18
22.05.2016 21:00:00,23.77
22.05.2016 22:00:00,23.48
22.05.2016 23:00:00,19.52
23.05.2016 0:00:00,17.48
23.05.2016 1:00:00,16.01
23.05.2016 2:00:00,15.95
23.05.2016 3:00:00,16.41
23.05.2016 4:00:00,17.30
23.05.2016 5:00:00,19.84
23.05.2016 6:00:00,20.63
23.05.2016 7:00:00,23.49
23.05.2016 8:00:00,28.83
23.05.2016 9:00:00,35.27
23.05.2016 10:00:00,31.71
23.05.2016 11:00:00,30.22
23.05.2016 12:00:00,27.18
23.05.2016 13:00:00,24.57
23.05.2016 14:00:00,27.54
23.05.2016 15:00:00,28.51
23.05.2016 16:00:00,30.30
23.05.2016 17:00:00,36.40
23.05.2016 18:00:00,37.32
23.05.2016 19:00:00,30.94
23.05.2016 20:00:00,27.26
23.05.2016 21:00:00,25.86
23.05.2016 22:00:00,21.14
23.05.2016 23:00:00,17.94
24.05.2016 0:00:00,17.53
24.05.2016 1:00:00,16.87
24.05.2016 2:00:00,17.25
24.05.2016 3:00:00,17.31
24.05.2016 4:00:00,17.00
24.05.2016 5:00:00,21.58
24.05.2016 6:00:00,23.60
24.05.2016 7:00:00,26.08
24.05.2016 8:00:00,29.23
24.05.2016 9:00:00,33.56
24.05.2016 10:00:00,29.65
24.05.2016 11:00:00,31.52
24.05.2016 12:00:00,30.16
24.05.2016 13:00:00,26.88
24.05.2016 14:00:00,28.11
24.05.2016 15:00:00,42.20
24.05.2016 16:00:00,43.13
24.05.2016 17:00:00,42.68
24.05.2016 18:00:00,41.73
24.05.2016 19:00:00,40.61
24.05.2016 20:00:00,32.37
24.05.2016 21:00:00,25.61
24.05.2016 22:00:00,21.68
24.05.2016 23:00:00,19.27
25.05.2016 0:00:00,17.98
25.05.2016 1:00:00,17.77
25.05.2016 2:00:00,17.62
25.05.2016 3:00:00,17.99
25.05.2016 4:00:00,17.94
25.05.2016 5:00:00,19.66
25.05.2016 6:00:00,25.46
25.05.2016 7:00:00,26.17
25.05.2016 8:00:00,31.53
25.05.2016 9:00:00,32.52
25.05.2016 10:00:00,32.78
25.05.2016 11:00:00,27.93
25.05.2016 12:00:00,25.51
25.05.2016 13:00:00,28.16
25.05.2016 14:00:00,30.10
25.05.2016 15:00:00,30.35
25.05.2016 16:00:00,37.61
25.05.2016 17:00:00,39.74
25.05.2016 18:00:00,39.70
25.05.2016 19:00:00,40.43
25.05.2016 20:00:00,35.60
25.05.2016 21:00:00,28.43
25.05.2016 22:00:00,23.59
25.05.2016 23:00:00,19.70
26.05.2016 0:00:00,18.54
26.05.2016 1:00:00,18.60
26.05.2016 2:00:00,18.42
26.05.2016 3:00:00,18.38
26.05.2016 4:00:00,18.86
26.05.2016 5:00:00,21.94
26.05.2016 6:00:00,25.04
26.05.2016 7:00:00,23.83
26.05.2016 8:00:00,28.30
26.05.2016 9:00:00,34.38
26.05.2016 10:00:00,33.40
26.05.2016 11:00:00,29.09
26.05.2016 12:00:00,30.84
26.05.2016 13:00:00,28.66
26.05.2016 14:00:00,41.21
26.05.2016 15:00:00,43.47
26.05.2016 16:00:00,44.78
26.05.2016 17:00:00,43.51
26.05.2016 18:00:00,43.05
26.05.2016 19:00:00,45.33
26.05.2016 20:00:00,32.29
26.05.2016 21:00:00,25.64
26.05.2016 22:00:00,22.57
26.05.2016 23:00:00,17.64
27.05.2016 0:00:00,18.08
27.05.2016 1:00:00,18.23
27.05.2016 2:00:00,17.77
27.05.2016 3:00:00,16.78
27.05.2016 4:00:00,16.54
27.05.2016 5:00:00,20.64
27.05.2016 6:00:00,23.14
27.05.2016 7:00:00,23.49
27.05.2016 8:00:00,25.32
27.05.2016 9:00:00,33.65
27.05.2016 10:00:00,28.17
27.05.2016 11:00:00,28.34
27.05.2016 12:00:00,26.62
27.05.2016 13:00:00,25.72
27.05.2016 14:00:00,31.11
27.05.2016 15:00:00,49.46
27.05.2016 16:00:00,48.69
27.05.2016 17:00:00,47.20
27.05.2016 18:00:00,42.40
27.05.2016 19:00:00,37.54
27.05.2016 20:00:00,37.10
27.05.2016 21:00:00,28.57
27.05.2016 22:00:00,22.45
27.05.2016 23:00:00,19.89
28.05.2016 0:00:00,18.67
28.05.2016 1:00:00,17.30
28.05.2016 2:00:00,17.24
28.05.2016 3:00:00,16.47
28.05.2016 4:00:00,17.33
28.05.2016 5:00:00,16.88
28.05.2016 6:00:00,16.83
28.05.2016 7:00:00,20.50
28.05.2016 8:00:00,20.63
28.05.2016 9:00:00,33.61
28.05.2016 10:00:00,35.04
28.05.2016 11:00:00,32.31
28.05.2016 12:00:00,35.14
28.05.2016 13:00:00,31.68
28.05.2016 14:00:00,28.85
28.05.2016 15:00:00,39.88
28.05.2016 16:00:00,41.44
28.05.2016 17:00:00,46.29
28.05.2016 18:00:00,46.17
28.05.2016 19:00:00,41.08
28.05.2016 20:00:00,36.43
28.05.2016 21:00:00,34.00
28.05.2016 22:00:00,26.05
28.05.2016 23:00:00,21.89
29.05.2016 0:00:00,19.43
29.05.2016 1:00:00,16.88
29.05.2016 2:00:00,17.44
29.05.2016 3:00:00,17.07
29.05.2016 4:00:00,15.97
29.05.2016 5:00:00,16.14
29.05.2016 6:00:00,16.65
29.05.2016 7:00:00,19.03
29.05.2016 8:00:00,23.98
29.05.2016 9:00:00,24.81
29.05.2016 10:00:00,34.06
29.05.2016 11:00:00,31.72
29.05.2016 12:00:00,39.43
29.05.2016 13:00:00,34.44
29.05.2016 14:00:00,38.02
29.05.2016 15:00:00,32.53
29.05.2016 16:00:00,36.64
29.05.2016 17:00:00,43.00
29.05.2016 18:00:00,41.66
29.05.2016 19:00:00,41.68
29.05.2016 20:00:00,30.46
29.05.2016 21:00:00,24.61
29.05.2016 22:00:00,21.37
29.05.2016 23:00:00,17.43
30.05.2016 0:00:00,16.47
30.05.2016 1:00:00,17.29
30.05.2016 2:00:00,16.46
30.05.2016 3:00:00,16.27
30.05.2016 4:00:00,16.48
30.05.2016 5:00:00,19.48
30.05.2016 6:00:00,22.30
30.05.2016 7:00:00,21.78
30.05.2016 8:00:00,29.49
30.05.2016 9:00:00,34.90
30.05.2016 10:00:00,29.37
30.05.2016 11:00:00,29.34
30.05.2016 12:00:00,29.71
30.05.2016 13:00:00,27.13
30.05.2016 14:00:00,28.37
30.05.2016 15:00:00,29.12
30.05.2016 16:00:00,34.47
30.05.2016 17:00:00,36.17
30.05.2016 18:00:00,43.12
30.05.2016 19:00:00,38.59
30.05.2016 20:00:00,29.19
30.05.2016 21:00:00,22.73
30.05.2016 22:00:00,20.97
30.05.2016 23:00:00,19.25
31.05.2016 0:00:00,18.38
31.05.2016 1:00:00,17.72
31.05.2016 2:00:00,16.94
31.05.2016 3:00:00,17.14
31.05.2016 4:00:00,16.59
31.05.2016 5:00:00,20.12
31.05.2016 6:00:00,22.58
31.05.2016 7:00:00,24.75
31.05.2016 8:00:00,32.28
31.05.2016 9:00:00,30.04
31.05.2016 10:00:00,28.81
31.05.2016 11:00:00,30.13
31.05.2016 12:00:00,30.26
31.05.2016 13:00:00,29.02
31.05.2016 14:00:00,35.12
31.05.2016 15:00:00,45.19
31.05.2016 16:00:00,34.95
31.05.2016 17:00:00,34.32
31.05.2016 18:00:00,34.95
31.05.2016 19:00:00,35.41
31.05.2016 20:00:00,36.84
31.05.2016 21:00:00,30.50
31.05.2016 22:00:00,24.49
31.05.2016 23:00:00,18.72
01.06.2016 0:00:00,18.73
01.06.2016 1:00:00,17.36
01.06.2016 2:00:00,17.13
01.06.2016 3:00:00,17.21
01.06.2016 4:00:00,16.93
01.06.2016 5:00:00,20.07
01.06.2016 6:00:00,23.63
01.06.2016 7:00:00,24.05
01.06.2016 8:00:00,35.41
01.06.2016 9:00:00,35.27
01.06.2016 10:00:00,33.29
01.06.2016 11:00:00,28.55
01.06.2016 12:00:00,29.36
01.06.2016 13:00:00,34.66
01.06.2016 14:00:00,34.76
01.06.2016 15:00:00,37.94
01.06.2016 16:00:00,34.71
01.06.2016 17:00:00,35.94
01.06.2016 18:00:00,40.72
01.06.2016 19:00:00,33.80
01.06.2016 20:00:00,38.91
01.06.2016 21:00:00,34.32
01.06.2016 22:00:00,29.23
01.06.2016 23:00:00,20.91
02.06.2016 0:00:00,18.02
02.06.2016 1:00:00,16.95
02.06.2016 2:00:00,17.04
02.06.2016 3:00:00,16.77
02.06.2016 4:00:00,17.34
02.06.2016 5:00:00,19.31
02.06.2016 6:00:00,26.03
02.06.2016 7:00:00,25.54
02.06.2016 8:00:00,27.62
02.06.2016 9:00:00,33.27
02.06.2016 10:00:00,32.62
02.06.2016 11:00:00,32.39
02.06.2016 12:00:00,30.69
02.06.2016 13:00:00,31.40
02.06.2016 14:00:00,31.89
02.06.2016 15:00:00,36.98
02.06.2016 16:00:00,40.80
02.06.2016 17:00:00,43.02
02.06.2016 18:00:00,50.82
02.06.2016 19:00:00,41.59
02.06.2016 20:00:00,36.53
02.06.2016 21:00:00,31.16
02.06.2016 22:00:00,24.15
02.06.2016 23:00:00,20.34
03.06.2016 0:00:00,19.61
03.06.2016 1:00:00,18.21
03.06.2016 2:00:00,18.06
03.06.2016 3:00:00,17.40
03.06.2016 4:00:00,17.07
03.06.2016 5:00:00,19.46
03.06.2016 6:00:00,23.07
03.06.2016 7:00:00,27.47
03.06.2016 8:00:00,30.82
03.06.2016 9:00:00,34.50
03.06.2016 10:00:00,34.15
03.06.2016 11:00:00,35.59
03.06.2016 12:00:00,35.20
03.06.2016 13:00:00,32.44
03.06.2016 14:00:00,31.37
03.06.2016 15:00:00,46.65
03.06.2016 16:00:00,46.82
03.06.2016 17:00:00,48.21
03.06.2016 18:00:00,43.09
03.06.2016 19:00:00,42.58
03.06.2016 20:00:00,39.29
03.06.2016 21:00:00,31.59
03.06.2016 22:00:00,27.97
03.06.2016 23:00:00,22.75
04.06.2016 0:00:00,20.02
04.06.2016 1:00:00,18.67
04.06.2016 2:00:00,17.71
04.06.2016 3:00:00,18.01
04.06.2016 4:00:00,17.58
04.06.2016 5:00:00,21.78
04.06.2016 6:00:00,24.83
04.06.2016 7:00:00,24.79
04.06.2016 8:00:00,25.72
04.06.2016 9:00:00,29.99
04.06.2016 10:00:00,35.12
04.06.2016 11:00:00,34.23
04.06.2016 12:00:00,32.22
04.06.2016 13:00:00,34.30
04.06.2016 14:00:00,34.34
04.06.2016 15:00:00,38.49
04.06.2016 16:00:00,39.16
04.06.2016 17:00:00,42.84
04.06.2016 18:00:00,39.59
04.06.2016 19:00:00,42.11
04.06.2016 20:00:00,45.14
04.06.2016 21:00:00,41.47
04.06.2016 22:00:00,28.98
04.06.2016 23:00:00,24.32
05.06.2016 0:00:00,21.31
05.06.2016 1:00:00,19.99
05.06.2016 2:00:00,18.55
05.06.2016 3:00:00,18.15
05.06.2016 4:00:00,16.60
05.06.2016 5:00:00,16.55
05.06.2016 6:00:00,16.84
05.06.2016 7:00:00,17.64
05.06.2016 8:00:00,22.40
05.06.2016 9:00:00,33.46
05.06.2016 10:00:00,38.14
05.06.2016 11:00:00,37.95
05.06.2016 12:00:00,41.44
05.06.2016 13:00:00,39.30
05.06.2016 14:00:00,39.27
05.06.2016 15:00:00,41.94
05.06.2016 16:00:00,46.43
05.06.2016 17:00:00,43.24
05.06.2016 18:00:00,45.37
05.06.2016 19:00:00,39.20
05.06.2016 20:00:00,36.37
05.06.2016 21:00:00,25.93
05.06.2016 22:00:00,21.53
05.06.2016 23:00:00,18.57
06.06.2016 0:00:00,16.63
06.06.2016 1:00:00,16.59
06.06.2016 2:00:00,16.51
06.06.2016 3:00:00,16.10
06.06.2016 4:00:00,16.11
06.06.2016 5:00:00,18.31
06.06.2016 6:00:00,20.97
06.06.2016 7:00:00,23.02
06.06.2016 8:00:00,26.10
06.06.2016 9:00:00,32.57
06.06.2016 10:00:00,31.32
06.06.2016 11:00:00,27.83
06.06.2016 12:00:00,26.67
06.06.2016 13:00:00,24.91
06.06.2016 14:00:00,25.26
06.06.2016 15:00:00,32.16
06.06.2016 16:00:00,35.96
06.06.2016 17:00:00,35.05
06.06.2016 18:00:00,36.53
06.06.2016 19:00:00,36.52
06.06.2016 20:00:00,36.66
06.06.2016 21:00:00,25.94
06.06.2016 22:00:00,28.98
06.06.2016 23:00:00,17.71
07.06.2016 0:00:00,16.61
07.06.2016 1:00:00,16.25
07.06.2016 2:00:00,16.08
07.06.2016 3:00:00,16.34
07.06.2016 4:00:00,16.35
07.06.2016 5:00:00,18.99
07.06.2016 6:00:00,22.49
07.06.2016 7:00:00,22.46
07.06.2016 8:00:00,29.43
07.06.2016 9:00:00,26.65
07.06.2016 10:00:00,28.79
07.06.2016 11:00:00,31.53
07.06.2016 12:00:00,25.72
07.06.2016 13:00:00,25.64
07.06.2016 14:00:00,29.36
07.06.2016 15:00:00,42.49
07.06.2016 16:00:00,36.47
07.06.2016 17:00:00,36.14
07.06.2016 18:00:00,37.89
07.06.2016 19:00:00,39.41
07.06.2016 20:00:00,34.76
07.06.2016 21:00:00,27.02
07.06.2016 22:00:00,26.61
07.06.2016 23:00:00,21.69
08.06.2016 0:00:00,20.55
08.06.2016 1:00:00,19.81
08.06.2016 2:00:00,19.25
08.06.2016 3:00:00,18.06
08.06.2016 4:00:00,16.55
08.06.2016 5:00:00,18.08
08.06.2016 6:00:00,20.85
08.06.2016 7:00:00,25.44
08.06.2016 8:00:00,28.96
08.06.2016 9:00:00,37.14
08.06.2016 10:00:00,34.23
08.06.2016 11:00:00,31.06
08.06.2016 12:00:00,30.89
08.06.2016 13:00:00,28.51
08.06.2016 14:00:00,29.86
08.06.2016 15:00:00,33.63
08.06.2016 16:00:00,34.48
08.06.2016 17:00:00,34.44
08.06.2016 18:00:00,33.16
08.06.2016 19:00:00,36.02
08.06.2016 20:00:00,31.31
08.06.2016 21:00:00,24.15
08.06.2016 22:00:00,19.70
08.06.2016 23:00:00,16.61
09.06.2016 0:00:00,16.29
09.06.2016 1:00:00,15.59
09.06.2016 2:00:00,16.69
09.06.2016 3:00:00,16.24
09.06.2016 4:00:00,15.91
09.06.2016 5:00:00,17.73
09.06.2016 6:00:00,21.37
09.06.2016 7:00:00,20.98
09.06.2016 8:00:00,27.57
09.06.2016 9:00:00,27.04
09.06.2016 10:00:00,29.81
09.06.2016 11:00:00,26.40
09.06.2016 12:00:00,28.41
09.06.2016 13:00:00,24.06
09.06.2016 14:00:00,31.25
09.06.2016 15:00:00,30.39
09.06.2016 16:00:00,30.70
09.06.2016 17:00:00,36.01
09.06.2016 18:00:00,38.11
09.06.2016 19:00:00,35.76
09.06.2016 20:00:00,38.58
09.06.2016 21:00:00,32.15
09.06.2016 22:00:00,22.89
09.06.2016 23:00:00,16.49
10.06.2016 0:00:00,16.19
10.06.2016 1:00:00,15.78
10.06.2016 2:00:00,15.77
10.06.2016 3:00:00,15.98
10.06.2016 4:00:00,16.73
10.06.2016 5:00:00,17.98
10.06.2016 6:00:00,20.49
10.06.2016 7:00:00,20.08
10.06.2016 8:00:00,28.51
10.06.2016 9:00:00,30.56
10.06.2016 10:00:00,29.06
10.06.2016 11:00:00,28.51
10.06.2016 12:00:00,29.39
10.06.2016 13:00:00,30.77
10.06.2016 14:00:00,29.42
10.06.2016 15:00:00,43.91
10.06.2016 16:00:00,41.24
10.06.2016 17:00:00,44.30
10.06.2016 18:00:00,46.37
10.06.2016 19:00:00,45.97
10.06.2016 20:00:00,40.36
10.06.2016 21:00:00,30.60
10.06.2016 22:00:00,25.08
10.06.2016 23:00:00,21.24
11.06.2016 0:00:00,17.91
11.06.2016 1:00:00,15.97
11.06.2016 2:00:00,15.58
11.06.2016 3:00:00,15.42
11.06.2016 4:00:00,15.12
11.06.2016 5:00:00,15.36
11.06.2016 6:00:00,16.43
11.06.2016 7:00:00,20.25
11.06.2016 8:00:00,20.96
11.06.2016 9:00:00,34.14
11.06.2016 10:00:00,30.79
11.06.2016 11:00:00,33.49
11.06.2016 12:00:00,45.10
11.06.2016 13:00:00,35.68
11.06.2016 14:00:00,37.16
11.06.2016 15:00:00,41.85
11.06.2016 16:00:00,44.12
11.06.2016 17:00:00,45.93
11.06.2016 18:00:00,38.22
11.06.2016 19:00:00,37.38
11.06.2016 20:00:00,39.09
11.06.2016 21:00:00,34.79
11.06.2016 22:00:00,24.13
11.06.2016 23:00:00,19.48
12.06.2016 0:00:00,19.19
12.06.2016 1:00:00,16.25
12.06.2016 2:00:00,15.27
12.06.2016 3:00:00,14.96
12.06.2016 4:00:00,15.08
12.06.2016 5:00:00,15.09
12.06.2016 6:00:00,16.35
12.06.2016 7:00:00,19.05
12.06.2016 8:00:00,20.37
12.06.2016 9:00:00,20.52
12.06.2016 10:00:00,31.57
12.06.2016 11:00:00,34.71
12.06.2016 12:00:00,34.64
12.06.2016 13:00:00,32.53
12.06.2016 14:00:00,34.70
12.06.2016 15:00:00,32.48
12.06.2016 16:00:00,36.55
12.06.2016 17:00:00,44.55
12.06.2016 18:00:00,43.50
12.06.2016 19:00:00,45.99
12.06.2016 20:00:00,37.89
12.06.2016 21:00:00,24.28
12.06.2016 22:00:00,20.91
12.06.2016 23:00:00,17.61
13.06.2016 0:00:00,17.84
13.06.2016 1:00:00,16.63
13.06.2016 2:00:00,16.13
13.06.2016 3:00:00,15.73
13.06.2016 4:00:00,16.25
13.06.2016 5:00:00,19.46
13.06.2016 6:00:00,20.91
13.06.2016 7:00:00,22.96
13.06.2016 8:00:00,30.83
13.06.2016 9:00:00,28.52
13.06.2016 10:00:00,30.44
13.06.2016 11:00:00,32.83
13.06.2016 12:00:00,29.73
13.06.2016 13:00:00,29.90
13.06.2016 14:00:00,30.95
13.06.2016 15:00:00,31.96
13.06.2016 16:00:00,36.71
13.06.2016 17:00:00,39.45
13.06.2016 18:00:00,33.51
13.06.2016 19:00:00,30.37
13.06.2016 20:00:00,27.98
13.06.2016 21:00:00,24.17
13.06.2016 22:00:00,21.14
13.06.2016 23:00:00,17.99
14.06.2016 0:00:00,17.24
14.06.2016 1:00:00,18.03
14.06.2016 2:00:00,17.84
14.06.2016 3:00:00,16.87
14.06.2016 4:00:00,16.87
14.06.2016 5:00:00,18.52
14.06.2016 6:00:00,22.53
14.06.2016 7:00:00,21.04
14.06.2016 8:00:00,28.05
14.06.2016 9:00:00,30.00
14.06.2016 10:00:00,30.40
14.06.2016 11:00:00,29.00
14.06.2016 12:00:00,26.92
14.06.2016 13:00:00,25.17
14.06.2016 14:00:00,28.30
14.06.2016 15:00:00,40.36
14.06.2016 16:00:00,40.62
14.06.2016 17:00:00,38.07
14.06.2016 18:00:00,36.44
14.06.2016 19:00:00,36.89
14.06.2016 20:00:00,33.38
14.06.2016 21:00:00,27.94
14.06.2016 22:00:00,24.56
14.06.2016 23:00:00,17.71
15.06.2016 0:00:00,16.90
15.06.2016 1:00:00,17.20
15.06.2016 2:00:00,16.44
15.06.2016 3:00:00,16.19
15.06.2016 4:00:00,16.10
15.06.2016 5:00:00,19.71
15.06.2016 6:00:00,23.28
15.06.2016 7:00:00,23.98
15.06.2016 8:00:00,32.72
15.06.2016 9:00:00,35.65
15.06.2016 10:00:00,31.83
15.06.2016 11:00:00,32.22
15.06.2016 12:00:00,30.27
15.06.2016 13:00:00,31.31
15.06.2016 14:00:00,30.77
15.06.2016 15:00:00,32.13
15.06.2016 16:00:00,30.59
15.06.2016 17:00:00,32.33
15.06.2016 18:00:00,39.22
15.06.2016 19:00:00,38.58
15.06.2016 20:00:00,29.07
15.06.2016 21:00:00,25.48
15.06.2016 22:00:00,20.53
15.06.2016 23:00:00,17.95
16.06.2016 0:00:00,16.89
16.06.2016 1:00:00,17.14
16.06.2016 2:00:00,16.46
16.06.2016 3:00:00,16.33
16.06.2016 4:00:00,16.42
16.06.2016 5:00:00,18.15
16.06.2016 6:00:00,19.71
16.06.2016 7:00:00,20.32
16.06.2016 8:00:00,20.90
16.06.2016 9:00:00,34.68
16.06.2016 10:00:00,29.95
16.06.2016 11:00:00,32.47
16.06.2016 12:00:00,29.36
16.06.2016 13:00:00,27.34
16.06.2016 14:00:00,31.14
16.06.2016 15:00:00,38.71
16.06.2016 16:00:00,39.93
16.06.2016 17:00:00,40.05
16.06.2016 18:00:00,43.31
16.06.2016 19:00:00,45.47
16.06.2016 20:00:00,31.57
16.06.2016 21:00:00,24.59
16.06.2016 22:00:00,20.72
16.06.2016 23:00:00,18.22
17.06.2016 0:00:00,16.46
17.06.2016 1:00:00,15.96
17.06.2016 2:00:00,15.72
17.06.2016 3:00:00,15.68
17.06.2016 4:00:00,16.50
17.06.2016 5:00:00,18.37
17.06.2016 6:00:00,21.30
17.06.2016 7:00:00,23.13
17.06.2016 8:00:00,32.26
17.06.2016 9:00:00,30.42
17.06.2016 10:00:00,31.97
17.06.2016 11:00:00,31.83
17.06.2016 12:00:00,28.73
17.06.2016 13:00:00,28.59
17.06.2016 14:00:00,28.28
17.06.2016 15:00:00,41.16
17.06.2016 16:00:00,40.30
17.06.2016 17:00:00,41.91
17.06.2016 18:00:00,48.13
17.06.2016 19:00:00,52.08
17.06.2016 20:00:00,41.54
17.06.2016 21:00:00,27.81
17.06.2016 22:00:00,24.91
17.06.2016 23:00:00,21.52
18.06.2016 0:00:00,18.20
18.06.2016 1:00:00,16.51
18.06.2016 2:00:00,16.31
18.06.2016 3:00:00,17.16
18.06.2016 4:00:00,17.29
18.06.2016 5:00:00,17.20
18.06.2016 6:00:00,19.49
18.06.2016 7:00:00,20.69
18.06.2016 8:00:00,21.01
18.06.2016 9:00:00,31.04
18.06.2016 10:00:00,29.43
18.06.2016 11:00:00,32.16
18.06.2016 12:00:00,42.08
18.06.2016 13:00:00,35.94
18.06.2016 14:00:00,31.43
18.06.2016 15:00:00,31.56
18.06.2016 16:00:00,50.68
18.06.2016 17:00:00,40.14
18.06.2016 18:00:00,41.90
18.06.2016 19:00:00,40.54
18.06.2016 20:00:00,35.08
18.06.2016 21:00:00,31.45
18.06.2016 22:00:00,27.57
18.06.2016 23:00:00,21.29
19.06.2016 0:00:00,21.20
19.06.2016 1:00:00,22.52
19.06.2016 2:00:00,17.44
19.06.2016 3:00:00,16.22
19.06.2016 4:00:00,15.61
19.06.2016 5:00:00,17.02
19.06.2016 6:00:00,18.72
19.06.2016 7:00:00,18.19
19.06.2016 8:00:00,24.76
19.06.2016 9:00:00,26.50
19.06.2016 10:00:00,35.69
19.06.2016 11:00:00,34.19
19.06.2016 12:00:00,41.21
19.06.2016 13:00:00,38.41
19.06.2016 14:00:00,38.26
19.06.2016 15:00:00,43.34
19.06.2016 16:00:00,47.86
19.06.2016 17:00:00,50.53
19.06.2016 18:00:00,41.48
19.06.2016 19:00:00,42.94
19.06.2016 20:00:00,24.80
19.06.2016 21:00:00,27.26
19.06.2016 22:00:00,24.81
19.06.2016 23:00:00,21.19
20.06.2016 0:00:00,19.08
20.06.2016 1:00:00,16.29
20.06.2016 2:00:00,15.83
20.06.2016 3:00:00,15.82
20.06.2016 4:00:00,16.10
20.06.2016 5:00:00,18.24
20.06.2016 6:00:00,20.79
20.06.2016 7:00:00,20.48
20.06.2016 8:00:00,27.60
20.06.2016 9:00:00,29.92
20.06.2016 10:00:00,27.30
20.06.2016 11:00:00,28.18
20.06.2016 12:00:00,27.96
20.06.2016 13:00:00,26.27
20.06.2016 14:00:00,27.07
20.06.2016 15:00:00,31.16
20.06.2016 16:00:00,31.98
20.06.2016 17:00:00,33.79
20.06.2016 18:00:00,38.65
20.06.2016 19:00:00,37.27
20.06.2016 20:00:00,33.18
20.06.2016 21:00:00,21.73
20.06.2016 22:00:00,18.95
20.06.2016 23:00:00,16.82
21.06.2016 0:00:00,15.67
21.06.2016 1:00:00,16.78
21.06.2016 2:00:00,17.26
21.06.2016 3:00:00,17.13
21.06.2016 4:00:00,16.75
21.06.2016 5:00:00,18.91
21.06.2016 6:00:00,21.01
21.06.2016 7:00:00,23.80
21.06.2016 8:00:00,28.94
21.06.2016 9:00:00,31.30
21.06.2016 10:00:00,30.83
21.06.2016 11:00:00,29.84
21.06.2016 12:00:00,30.25
21.06.2016 13:00:00,29.19
21.06.2016 14:00:00,29.36
21.06.2016 15:00:00,44.63
21.06.2016 16:00:00,39.28
21.06.2016 17:00:00,38.31
21.06.2016 18:00:00,36.18
21.06.2016 19:00:00,39.94
21.06.2016 20:00:00,34.28
21.06.2016 21:00:00,27.32
21.06.2016 22:00:00,20.62
21.06.2016 23:00:00,18.28
22.06.2016 0:00:00,17.95
22.06.2016 1:00:00,16.76
22.06.2016 2:00:00,15.76
22.06.2016 3:00:00,15.87
22.06.2016 4:00:00,15.80
22.06.2016 5:00:00,18.33
22.06.2016 6:00:00,20.86
22.06.2016 7:00:00,21.07
22.06.2016 8:00:00,28.42
22.06.2016 9:00:00,36.52
22.06.2016 10:00:00,28.94
22.06.2016 11:00:00,28.98
22.06.2016 12:00:00,27.48
22.06.2016 13:00:00,28.25
22.06.2016 14:00:00,27.37
22.06.2016 15:00:00,29.65
22.06.2016 16:00:00,35.28
22.06.2016 17:00:00,37.41
22.06.2016 18:00:00,31.07
22.06.2016 19:00:00,33.29
22.06.2016 20:00:00,31.67
22.06.2016 21:00:00,26.67
22.06.2016 22:00:00,23.61
22.06.2016 23:00:00,18.10
23.06.2016 0:00:00,16.84
23.06.2016 1:00:00,16.92
23.06.2016 2:00:00,16.67
23.06.2016 3:00:00,15.99
23.06.2016 4:00:00,16.19
23.06.2016 5:00:00,18.47
23.06.2016 6:00:00,19.57
23.06.2016 7:00:00,19.94
23.06.2016 8:00:00,29.91
23.06.2016 9:00:00,29.88
23.06.2016 10:00:00,28.13
23.06.2016 11:00:00,29.79
23.06.2016 12:00:00,32.13
23.06.2016 13:00:00,30.87
23.06.2016 14:00:00,30.92
23.06.2016 15:00:00,32.56
23.06.2016 16:00:00,35.33
23.06.2016 17:00:00,38.22
23.06.2016 18:00:00,38.18
23.06.2016 19:00:00,33.10
23.06.2016 20:00:00,36.36
23.06.2016 21:00:00,25.23
23.06.2016 22:00:00,20.74
23.06.2016 23:00:00,18.69
24.06.2016 0:00:00,18.93
24.06.2016 1:00:00,16.68
24.06.2016 2:00:00,16.54
24.06.2016 3:00:00,16.30
24.06.2016 4:00:00,15.86
24.06.2016 5:00:00,16.12
24.06.2016 6:00:00,17.90
24.06.2016 7:00:00,19.90
24.06.2016 8:00:00,23.73
24.06.2016 9:00:00,30.35
24.06.2016 10:00:00,31.56
24.06.2016 11:00:00,27.18
24.06.2016 12:00:00,26.52
24.06.2016 13:00:00,24.72
24.06.2016 14:00:00,25.01
24.06.2016 15:00:00,38.63
24.06.2016 16:00:00,33.95
24.06.2016 17:00:00,30.26
24.06.2016 18:00:00,27.37
24.06.2016 19:00:00,27.07
24.06.2016 20:00:00,29.81
24.06.2016 21:00:00,26.54
24.06.2016 22:00:00,25.75
24.06.2016 23:00:00,17.99
25.06.2016 0:00:00,16.62
25.06.2016 1:00:00,15.93
25.06.2016 2:00:00,15.44
25.06.2016 3:00:00,15.90
25.06.2016 4:00:00,14.99
25.06.2016 5:00:00,15.15
25.06.2016 6:00:00,15.74
25.06.2016 7:00:00,19.99
25.06.2016 8:00:00,22.58
25.06.2016 9:00:00,31.98
25.06.2016 10:00:00,27.63
25.06.2016 11:00:00,25.28
25.06.2016 12:00:00,30.50
25.06.2016 13:00:00,24.80
25.06.2016 14:00:00,26.19
25.06.2016 15:00:00,25.96
25.06.2016 16:00:00,39.55
25.06.2016 17:00:00,32.52
25.06.2016 18:00:00,37.48
25.06.2016 19:00:00,38.58
25.06.2016 20:00:00,32.09
25.06.2016 21:00:00,30.61
25.06.2016 22:00:00,24.90
25.06.2016 23:00:00,21.19
26.06.2016 0:00:00,19.02
26.06.2016 1:00:00,18.24
26.06.2016 2:00:00,17.50
26.06.2016 3:00:00,15.99
26.06.2016 4:00:00,15.12
26.06.2016 5:00:00,16.15
26.06.2016 6:00:00,16.99
26.06.2016 7:00:00,22.48
26.06.2016 8:00:00,23.03
26.06.2016 9:00:00,25.07
26.06.2016 10:00:00,34.42
26.06.2016 11:00:00,33.28
26.06.2016 12:00:00,34.47
26.06.2016 13:00:00,37.24
26.06.2016 14:00:00,31.95
26.06.2016 15:00:00,37.89
26.06.2016 16:00:00,38.35
26.06.2016 17:00:00,39.55
26.06.2016 18:00:00,46.85
26.06.2016 19:00:00,48.78
26.06.2016 20:00:00,34.78
26.06.2016 21:00:00,26.34
26.06.2016 22:00:00,21.54
26.06.2016 23:00:00,21.19
27.06.2016 0:00:00,20.30
27.06.2016 1:00:00,17.87
27.06.2016 2:00:00,17.80
27.06.2016 3:00:00,16.57
27.06.2016 4:00:00,16.31
27.06.2016 5:00:00,17.94
27.06.2016 6:00:00,18.17
27.06.2016 7:00:00,19.89
27.06.2016 8:00:00,28.95
27.06.2016 9:00:00,31.61
27.06.2016 10:00:00,30.97
27.06.2016 11:00:00,29.32
27.06.2016 12:00:00,28.85
27.06.2016 13:00:00,33.19
27.06.2016 14:00:00,29.57
27.06.2016 15:00:00,29.72
27.06.2016 16:00:00,34.59
27.06.2016 17:00:00,38.83
27.06.2016 18:00:00,37.24
27.06.2016 19:00:00,38.65
27.06.2016 20:00:00,34.34
27.06.2016 21:00:00,24.93
27.06.2016 22:00:00,24.21
27.06.2016 23:00:00,21.06
28.06.2016 0:00:00,16.81
28.06.2016 1:00:00,16.40
28.06.2016 2:00:00,15.48
28.06.2016 3:00:00,15.83
28.06.2016 4:00:00,16.09
28.06.2016 5:00:00,17.58
28.06.2016 6:00:00,19.59
28.06.2016 7:00:00,21.17
28.06.2016 8:00:00,28.95
28.06.2016 9:00:00,32.88
28.06.2016 10:00:00,31.19
28.06.2016 11:00:00,30.03
28.06.2016 12:00:00,28.86
28.06.2016 13:00:00,31.10
28.06.2016 14:00:00,29.66
28.06.2016 15:00:00,40.19
28.06.2016 16:00:00,37.40
28.06.2016 17:00:00,42.37
28.06.2016 18:00:00,44.64
28.06.2016 19:00:00,44.41
28.06.2016 20:00:00,38.87
28.06.2016 21:00:00,27.69
28.06.2016 22:00:00,21.77
28.06.2016 23:00:00,19.73
29.06.2016 0:00:00,17.12
29.06.2016 1:00:00,16.96
29.06.2016 2:00:00,16.75
29.06.2016 3:00:00,16.11
29.06.2016 4:00:00,16.79
29.06.2016 5:00:00,17.50
29.06.2016 6:00:00,19.03
29.06.2016 7:00:00,20.64
29.06.2016 8:00:00,28.67
29.06.2016 9:00:00,30.90
29.06.2016 10:00:00,34.10
29.06.2016 11:00:00,31.34
29.06.2016 12:00:00,28.42
29.06.2016 13:00:00,28.47
29.06.2016 14:00:00,30.39
29.06.2016 15:00:00,33.08
29.06.2016 16:00:00,39.96
29.06.2016 17:00:00,41.01
29.06.2016 18:00:00,43.40
29.06.2016 19:00:00,46.92
29.06.2016 20:00:00,40.06
29.06.2016 21:00:00,35.30
29.06.2016 22:00:00,23.33
29.06.2016 23:00:00,19.15
30.06.2016 0:00:00,17.55
30.06.2016 1:00:00,17.12
30.06.2016 2:00:00,17.42
30.06.2016 3:00:00,17.23
30.06.2016 4:00:00,16.93
30.06.2016 5:00:00,18.08
30.06.2016 6:00:00,20.11
30.06.2016 7:00:00,21.31
30.06.2016 8:00:00,30.64
30.06.2016 9:00:00,33.48
30.06.2016 10:00:00,33.83
30.06.2016 11:00:00,29.83
30.06.2016 12:00:00,33.57
30.06.2016 13:00:00,32.19
30.06.2016 14:00:00,32.00
30.06.2016 15:00:00,35.58
30.06.2016 16:00:00,44.72
30.06.2016 17:00:00,40.11
30.06.2016 18:00:00,40.19
30.06.2016 19:00:00,40.32
30.06.2016 20:00:00,36.75
30.06.2016 21:00:00,27.02
30.06.2016 22:00:00,23.86
30.06.2016 23:00:00,19.67